[null,{"id":1,"battlerName":"","characterIndex":0,"characterName":"Actor1","classId":1,"equips":[1,1,9,10,0],"faceIndex":0,"faceName":"Actor1","traits":[{"code":64,"dataId":2,"value":1}],"initialLevel":20,"maxLevel":70,"name":"Harold Sageblood","nickname":"","note":"<SACGuardFormula:true>","profile":"A hero who might have the Sage's Blood flowing in them."},{"id":2,"battlerName":"","characterIndex":7,"characterName":"Actor1","classId":2,"equips":[3,3,0,0,0],"faceIndex":7,"faceName":"Actor1","traits":[],"initialLevel":20,"maxLevel":70,"name":"Theresa Threeaicue","nickname":"","note":"<SACGuardFormula:true>","profile":"I am the 1 million IQ genius!\nLeave all the heavy thinking to me!!"},{"id":3,"battlerName":"","characterIndex":7,"characterName":"Actor3","classId":3,"equips":[2,2,2,2,4],"faceIndex":7,"faceName":"Actor3","traits":[],"initialLevel":20,"maxLevel":70,"name":"Martha Betraeor","nickname":"","note":"<SACGuardFormula:true>","profile":"No matter what happens, I will absolutely never\nbetray you, so don't worry, okay?"},{"id":4,"battlerName":"Actor2_7","characterIndex":6,"characterName":"Actor2","classId":4,"equips":[4,0,0,4],"faceIndex":6,"faceName":"Actor2","traits":[],"initialLevel":5,"maxLevel":70,"name":"Gonnadai Rightaway","nickname":"","note":"<SACGuardFormula:true>","profile":"My wish is to live to be 100 years old."},{"id":5,"battlerName":"","characterIndex":4,"characterName":"Actor1","classId":5,"equips":[4,4,0,0,0],"faceIndex":4,"faceName":"Actor1","traits":[],"initialLevel":20,"maxLevel":70,"name":"Aidon Haffrends","nickname":"","note":"<SACGuardFormula:true>","profile":"I have 100 friends!"}]