[null,{"id":1,"atypeId":1,"description":"Armor fit for a hero.","etypeId":2,"traits":[],"iconIndex":137,"name":"Hero's Armor","note":"","params":[0,0,0,60,0,40,0,0],"price":10000},{"id":2,"atypeId":2,"description":"Robes filled with magical energy.","etypeId":2,"traits":[],"iconIndex":153,"name":"Mage's Robes","note":"","params":[0,0,0,40,10,60,0,0],"price":10000},{"id":3,"atypeId":1,"description":"Armor fit for a swordmaster.","etypeId":2,"traits":[],"iconIndex":137,"name":"Swordmaster's Armor","note":"","params":[0,0,0,50,0,50,0,0],"price":10000},{"id":4,"atypeId":1,"description":"Definitely extremely casual.","etypeId":2,"traits":[],"iconIndex":139,"name":"Casual Clothes","note":"","params":[0,0,0,40,0,40,0,0],"price":3000},{"id":5,"atypeId":3,"description":"Bracelet from the traditional brand [Endourans].","etypeId":4,"traits":[{"code":21,"dataId":0,"value":1.2}],"iconIndex":144,"name":"[Endourans] Bracelet","note":"","params":[0,0,0,0,0,0,0,0],"price":30000},{"id":6,"atypeId":3,"description":"Bracelet from the traditional brand [Feesickle].","etypeId":4,"traits":[],"iconIndex":144,"name":"[Feesickle] Bracelet","note":"","params":[0,0,30,30,0,0,0,0],"price":30000},{"id":7,"atypeId":3,"description":"Necklace from the traditional brand [Majick].","etypeId":3,"traits":[],"iconIndex":146,"name":"[Majick] Necklace","note":"","params":[0,0,0,0,30,30,0,0],"price":30000},{"id":8,"atypeId":3,"description":"Necklace from the premium brand [Sellsatta Highprice].","etypeId":3,"traits":[],"iconIndex":146,"name":"[Sellsatta Highprice] Necklace","note":"","params":[0,0,0,0,0,0,0,0],"price":200000},{"id":9,"atypeId":3,"description":"A necklace apparently left by my father.\nSmall and kinda fancy. Can also be called a pendant.","etypeId":3,"traits":[],"iconIndex":146,"name":"Keepsake Necklace","note":"","params":[0,0,0,0,0,0,0,0],"price":1000},{"id":10,"atypeId":3,"description":"Bracelet from the famous brand [Bawmb].\nDefinitely does not have a small bomb planted inside.","etypeId":4,"traits":[{"code":53,"dataId":4,"value":1},{"code":53,"dataId":3,"value":1}],"iconIndex":144,"name":"[Bawmb] Bracelet","note":"","params":[0,0,20,20,20,20,0,0],"price":0},{"id":11,"atypeId":3,"description":"Bracelet from the traditional brand [Reejen]\nRecovers 15% HP every turn.","etypeId":3,"traits":[{"code":22,"dataId":7,"value":0.15}],"iconIndex":146,"name":"[Reejen] Necklace","note":"","params":[0,0,20,20,20,20,0,0],"price":30000},{"id":12,"atypeId":1,"description":"Armor brimming with magical energy.","etypeId":2,"traits":[],"iconIndex":137,"name":"Magical Armor","note":"","params":[0,0,30,120,0,100,0,0],"price":100000},{"id":13,"atypeId":2,"description":"Robes brimming with magical energy.","etypeId":2,"traits":[],"iconIndex":153,"name":"Magical Robes","note":"","params":[0,0,0,100,30,120,0,0],"price":100000},{"id":14,"atypeId":3,"description":"All MP cost halved when equipped.","etypeId":4,"traits":[{"code":23,"dataId":4,"value":0.5}],"iconIndex":145,"name":"Great Mage's Ring","note":"","params":[0,0,0,0,40,0,0,0],"price":150000},{"id":15,"atypeId":3,"description":"Gain 20 TP every turn when equipped.","etypeId":4,"traits":[{"code":22,"dataId":9,"value":0.2}],"iconIndex":144,"name":"Hero's Bracelet","note":"","params":[0,0,40,0,0,0,0,0],"price":150000},{"id":16,"atypeId":3,"description":"Bracelet from the traditional brand [Endourans]\nwith enhanced properties.","etypeId":4,"traits":[{"code":21,"dataId":0,"value":1.5}],"iconIndex":144,"name":"[Endourans] Bracelet EX","note":"","params":[0,0,20,20,20,20,20,0],"price":100000},{"id":17,"atypeId":3,"description":"Bracelet from the traditional brand [Feesickle]\nwith enhanced properties.","etypeId":4,"traits":[],"iconIndex":144,"name":"[Feesickle] Bracelet EX","note":"","params":[0,0,80,20,20,0,0,0],"price":100000},{"id":18,"atypeId":3,"description":"Bracelet from the traditional brand [Majick]\nwith enhanced properties.","etypeId":4,"traits":[],"iconIndex":144,"name":"[Majick] Necklace","note":"","params":[0,0,20,0,80,20,0,0],"price":100000},{"id":19,"atypeId":3,"description":"Effects similar to the necklace from the traditional brand\n[Balans] but tweaked to focus more on speed.","etypeId":4,"traits":[],"iconIndex":144,"name":"[Balans] Bracelet","note":"","params":[0,0,40,30,40,30,70,0],"price":100000},{"id":20,"atypeId":3,"description":"Necklace from the traditional brand [Feesickle].","etypeId":3,"traits":[],"iconIndex":146,"name":"[Feesickle] Necklace","note":"","params":[0,0,80,20,20,0,0,0],"price":100000},{"id":21,"atypeId":3,"description":"Necklace from the traditional brand [Majick]\nwith enhanced properties.","etypeId":3,"traits":[],"iconIndex":146,"name":"[Majick] Necklace EX","note":"","params":[0,0,20,0,80,20,0,0],"price":100000},{"id":22,"atypeId":3,"description":"Necklace from the traditional brand [Balans]","etypeId":3,"traits":[],"iconIndex":146,"name":"[Balans] Necklace","note":"","params":[0,0,40,30,40,30,70,0],"price":100000},{"id":23,"atypeId":3,"description":"Necklace from the traditional brand [Supereme]","etypeId":3,"traits":[],"iconIndex":146,"name":"[Supreme] Necklace","note":"","params":[1000,0,100,50,100,50,-100,0],"price":100000},{"id":24,"atypeId":0,"description":"","etypeId":2,"traits":[{"code":22,"dataId":1,"value":0}],"iconIndex":0,"name":"","note":"","params":[0,0,0,0,0,0,0,0],"price":0},{"id":25,"atypeId":3,"description":"Necklace from a slime.","etypeId":3,"traits":[{"code":22,"dataId":1,"value":0}],"iconIndex":146,"name":"Necklace","note":"","params":[0,0,0,0,0,0,0,0],"price":0}]