[null,{"id":1,"list":[{"code":355,"indent":0,"parameters":["if($gameParty.inBattle())$gameParty.members().forEach(function(actor) {"]},{"code":655,"indent":0,"parameters":["\t\tactor.addBuff(2, 5);"]},{"code":655,"indent":0,"parameters":["\t\t});"]},{"code":0,"indent":0,"parameters":[]}],"name":"Attack Up 5","switchId":1,"trigger":0},{"id":2,"list":[{"code":355,"indent":0,"parameters":["if($gameParty.inBattle())$gameParty.members().forEach(function(actor) {"]},{"code":655,"indent":0,"parameters":["\t\tactor.addBuff(3, 5);"]},{"code":655,"indent":0,"parameters":["\t\t});"]},{"code":0,"indent":0,"parameters":[]}],"name":"Defense Up 5","switchId":1,"trigger":0},{"id":3,"list":[{"code":313,"indent":0,"parameters":[0,0,0,9]},{"code":0,"indent":0,"parameters":[]}],"name":"Regen","switchId":1,"trigger":0},{"id":4,"list":[{"code":0,"indent":0,"parameters":[]}],"name":"","switchId":1,"trigger":0},{"id":5,"list":[{"code":355,"indent":0,"parameters":["if($gameParty.inBattle()) BattleManager._subject.addBuff(2, 3);"]},{"code":0,"indent":0,"parameters":[]}],"name":"Attack Up 3","switchId":1,"trigger":0},{"id":6,"list":[{"code":313,"indent":0,"parameters":[0,0,0,11]},{"code":0,"indent":0,"parameters":[]}],"name":"State Null","switchId":1,"trigger":0},{"id":7,"list":[{"code":0,"indent":0,"parameters":[]}],"name":"","switchId":1,"trigger":0},{"id":8,"list":[{"code":313,"indent":0,"parameters":[0,0,0,11]},{"code":0,"indent":0,"parameters":[]}],"name":"Magic Regen","switchId":1,"trigger":0},{"id":9,"list":[{"code":0,"indent":0,"parameters":[]}],"name":"","switchId":1,"trigger":0},{"id":10,"list":[{"code":121,"indent":0,"parameters":[25,25,0]},{"code":0,"indent":0,"parameters":[]}],"name":"Oh! A UFO!","switchId":1,"trigger":0},{"id":11,"list":[{"code":0,"indent":0,"parameters":[]}],"name":"","switchId":1,"trigger":0},{"id":12,"list":[{"code":121,"indent":0,"parameters":[30,30,0]},{"code":0,"indent":0,"parameters":[]}],"name":"Ultimate Spell Killtwo ON","switchId":1,"trigger":0},{"id":13,"list":[{"code":121,"indent":0,"parameters":[30,30,1]},{"code":0,"indent":0,"parameters":[]}],"name":"Ultimate Spell Killtwo OFF","switchId":1,"trigger":0},{"id":14,"list":[{"code":0,"indent":0,"parameters":[]}],"name":"","switchId":1,"trigger":0},{"id":15,"list":[{"code":231,"indent":0,"parameters":[1,"message",0,0,0,0,100,100,0,0]},{"code":232,"indent":0,"parameters":[1,0,0,0,0,0,100,100,255,0,60,true]},{"code":230,"indent":0,"parameters":[180]},{"code":101,"indent":0,"parameters":["",0,2,2]},{"code":401,"indent":0,"parameters":[""]},{"code":232,"indent":0,"parameters":[1,0,0,0,0,0,100,100,0,0,60,true]},{"code":235,"indent":0,"parameters":[1]},{"code":0,"indent":0,"parameters":[]}],"name":"Message Card","switchId":1,"trigger":0},{"id":16,"list":[{"code":316,"indent":0,"parameters":[0,0,0,0,2,true]},{"code":0,"indent":0,"parameters":[]}],"name":"Level Up","switchId":1,"trigger":0},{"id":17,"list":[{"code":0,"indent":0,"parameters":[]}],"name":"","switchId":1,"trigger":0},{"id":18,"list":[{"code":0,"indent":0,"parameters":[]}],"name":"","switchId":1,"trigger":0},{"id":19,"list":[{"code":0,"indent":0,"parameters":[]}],"name":"","switchId":1,"trigger":0},{"id":20,"list":[{"code":0,"indent":0,"parameters":[]}],"name":"Your Ad Here","switchId":1,"trigger":0},{"id":21,"list":[{"code":0,"indent":0,"parameters":[]}],"name":"","switchId":1,"trigger":0},{"id":22,"list":[{"code":0,"indent":0,"parameters":[]}],"name":"","switchId":1,"trigger":0},{"id":23,"list":[{"code":0,"indent":0,"parameters":[]}],"name":"","switchId":1,"trigger":0},{"id":24,"list":[{"code":0,"indent":0,"parameters":[]}],"name":"","switchId":1,"trigger":0},{"id":25,"list":[{"code":0,"indent":0,"parameters":[]}],"name":"","switchId":1,"trigger":0}]