[null,{"id":1,"actions":[{"conditionParam1":0,"conditionParam2":0,"conditionType":0,"rating":5,"skillId":1}],"battlerHue":0,"battlerName":"Slime","dropItems":[{"kind":1,"dataId":1,"denominator":8},{"kind":1,"dataId":2,"denominator":8},{"dataId":1,"denominator":1,"kind":0}],"exp":978,"traits":[{"code":22,"dataId":0,"value":1},{"code":31,"dataId":1,"value":0}],"gold":789,"name":"Slime","note":" <FTKR_STATUS_POS_X: 0>\n <FTKR_STATUS_POS_Y: 160>\n <FTKR_STATUS_WIDTH: 150>","params":[600,0,200,40,200,50,20,30]},{"id":2,"actions":[{"conditionParam1":0,"conditionParam2":0,"conditionType":0,"rating":5,"skillId":1}],"battlerHue":0,"battlerName":"","dropItems":[{"dataId":1,"denominator":1,"kind":0},{"dataId":1,"denominator":1,"kind":0},{"dataId":1,"denominator":1,"kind":0}],"exp":0,"traits":[{"code":22,"dataId":0,"value":0.95},{"code":22,"dataId":1,"value":0.05},{"code":31,"dataId":1,"value":0}],"gold":0,"name":"","note":"","params":[100,0,10,10,10,10,10,10]},{"id":3,"actions":[{"conditionParam1":0,"conditionParam2":0,"conditionType":0,"rating":5,"skillId":1}],"battlerHue":0,"battlerName":"","dropItems":[{"dataId":1,"denominator":1,"kind":0},{"dataId":1,"denominator":1,"kind":0},{"dataId":1,"denominator":1,"kind":0}],"exp":0,"traits":[{"code":22,"dataId":0,"value":0.95},{"code":22,"dataId":1,"value":0.05},{"code":31,"dataId":1,"value":0}],"gold":0,"name":"","note":"","params":[100,0,10,10,10,10,10,10]},{"id":4,"actions":[{"conditionParam1":0,"conditionParam2":0,"conditionType":0,"rating":5,"skillId":1},{"conditionParam1":0,"conditionParam2":0,"conditionType":0,"rating":5,"skillId":18}],"battlerHue":0,"battlerName":"Actor1_5","dropItems":[{"dataId":1,"denominator":1,"kind":0},{"dataId":1,"denominator":1,"kind":0},{"dataId":1,"denominator":1,"kind":0}],"exp":5212,"traits":[{"code":22,"dataId":0,"value":0.95},{"code":31,"dataId":1,"value":0}],"gold":6455,"name":"Aidon Haffrends","note":" <FTKR_STATUS_POS_X: 0>\n <FTKR_STATUS_POS_Y: 390>\n <FTKR_STATUS_WIDTH: 720>","params":[3000,200,200,60,200,60,10,10]},{"id":5,"actions":[{"conditionParam1":0,"conditionParam2":0,"conditionType":0,"rating":5,"skillId":40},{"conditionParam1":0,"conditionParam2":0,"conditionType":0,"rating":1,"skillId":1}],"battlerHue":0,"battlerName":"Death","dropItems":[{"kind":1,"dataId":3,"denominator":1},{"kind":0,"dataId":0,"denominator":27},{"dataId":1,"denominator":1,"kind":0}],"exp":5120,"traits":[{"code":22,"dataId":0,"value":1},{"code":31,"dataId":1,"value":0},{"code":63,"dataId":1,"value":1}],"gold":0,"name":"Demon General Treshmub","note":" <FTKR_STATUS_POS_X: 0>\n <FTKR_STATUS_POS_Y: 390>\n <FTKR_STATUS_WIDTH: 720>","params":[9999,9999,1,1,1,1,999,30]},{"id":6,"actions":[{"conditionParam1":0,"conditionParam2":0,"conditionType":0,"rating":5,"skillId":41},{"conditionParam1":1,"conditionParam2":2,"conditionType":1,"rating":9,"skillId":2}],"battlerHue":0,"battlerName":"Bat","dropItems":[{"kind":1,"dataId":3,"denominator":1},{"kind":0,"dataId":0,"denominator":27},{"dataId":1,"denominator":1,"kind":0}],"exp":5120,"traits":[{"code":22,"dataId":0,"value":1},{"code":31,"dataId":1,"value":0},{"code":63,"dataId":1,"value":1},{"code":11,"dataId":1,"value":0.1},{"code":11,"dataId":2,"value":0.1},{"code":11,"dataId":3,"value":0.1},{"code":11,"dataId":4,"value":0.1},{"code":11,"dataId":6,"value":0.1},{"code":11,"dataId":5,"value":0.1}],"gold":0,"name":"Dark Beast Ovapowa'ard","note":" <FTKR_STATUS_POS_X: 0>\n <FTKR_STATUS_POS_Y: 230>\n <FTKR_STATUS_WIDTH: 150>","params":[25,0,999,999,1,999,1,30]},{"id":7,"actions":[{"conditionParam1":0,"conditionParam2":0,"conditionType":0,"rating":5,"skillId":1},{"conditionParam1":1,"conditionParam2":4,"conditionType":1,"rating":9,"skillId":42},{"conditionParam1":2,"conditionParam2":4,"conditionType":1,"rating":9,"skillId":43},{"conditionParam1":3,"conditionParam2":4,"conditionType":1,"rating":9,"skillId":44}],"battlerHue":0,"battlerName":"Werewolf","dropItems":[{"kind":1,"dataId":4,"denominator":1},{"dataId":1,"denominator":1,"kind":0},{"dataId":1,"denominator":1,"kind":0}],"exp":5212,"traits":[{"code":22,"dataId":0,"value":1},{"code":31,"dataId":1,"value":0},{"code":63,"dataId":1,"value":1},{"code":22,"dataId":8,"value":0.15}],"gold":6455,"name":"Dark Beast Were Wulf","note":" <FTKR_STATUS_POS_X: 0>\n <FTKR_STATUS_POS_Y: 260>\n <FTKR_STATUS_WIDTH: 260>","params":[3600,200,400,60,200,80,100,10]},{"id":8,"actions":[{"conditionParam1":0,"conditionParam2":0,"conditionType":1,"rating":9,"skillId":42},{"conditionParam1":0,"conditionParam2":0,"conditionType":0,"rating":5,"skillId":1},{"conditionParam1":0,"conditionParam2":4,"conditionType":1,"rating":9,"skillId":42},{"conditionParam1":1,"conditionParam2":4,"conditionType":1,"rating":9,"skillId":43},{"conditionParam1":2,"conditionParam2":4,"conditionType":1,"rating":9,"skillId":44}],"battlerHue":0,"battlerName":"Werewolf","dropItems":[{"kind":1,"dataId":3,"denominator":1},{"dataId":1,"denominator":1,"kind":0},{"dataId":1,"denominator":1,"kind":0}],"exp":5212,"traits":[{"code":22,"dataId":0,"value":1},{"code":31,"dataId":1,"value":0},{"code":63,"dataId":1,"value":1},{"code":22,"dataId":8,"value":0.15}],"gold":6455,"name":"Dark Beast Nottyu Tu","note":" <FTKR_STATUS_POS_X: 0>\n <FTKR_STATUS_POS_Y: 220>\n <FTKR_STATUS_WIDTH: 230>","params":[3600,200,400,60,200,80,100,10]},{"id":9,"actions":[{"conditionParam1":0,"conditionParam2":0,"conditionType":0,"rating":5,"skillId":1}],"battlerHue":0,"battlerName":"","dropItems":[{"dataId":1,"denominator":1,"kind":0},{"dataId":1,"denominator":1,"kind":0},{"dataId":1,"denominator":1,"kind":0}],"exp":0,"traits":[{"code":22,"dataId":0,"value":0.95},{"code":22,"dataId":1,"value":0.05},{"code":31,"dataId":1,"value":0}],"gold":0,"name":"","note":"","params":[100,0,10,10,10,10,10,10]},{"id":10,"actions":[{"conditionParam1":0,"conditionParam2":0,"conditionType":0,"rating":5,"skillId":1},{"conditionParam1":0,"conditionParam2":0,"conditionType":0,"rating":5,"skillId":24},{"conditionParam1":0,"conditionParam2":0,"conditionType":0,"rating":5,"skillId":18},{"conditionParam1":0,"conditionParam2":0,"conditionType":0,"rating":5,"skillId":25}],"battlerHue":93,"battlerName":"SF_SufferingSoul","dropItems":[{"kind":1,"dataId":1,"denominator":8},{"kind":1,"dataId":2,"denominator":8},{"kind":1,"dataId":4,"denominator":8}],"exp":1549,"traits":[{"code":22,"dataId":0,"value":1},{"code":31,"dataId":1,"value":0}],"gold":1872,"name":"Remnant of the Demon Lord","note":" <FTKR_STATUS_POS_X: 0>\n <FTKR_STATUS_POS_Y: 250>\n <FTKR_STATUS_WIDTH: 150>","params":[750,100,260,60,200,60,20,30]},{"id":11,"actions":[{"conditionParam1":0,"conditionParam2":0,"conditionType":0,"rating":5,"skillId":1}],"battlerHue":0,"battlerName":"","dropItems":[{"dataId":1,"denominator":1,"kind":0},{"dataId":1,"denominator":1,"kind":0},{"dataId":1,"denominator":1,"kind":0}],"exp":0,"traits":[{"code":22,"dataId":0,"value":0.95},{"code":22,"dataId":1,"value":0.05},{"code":31,"dataId":1,"value":0}],"gold":0,"name":"","note":"","params":[100,0,10,10,10,10,10,10]},{"id":12,"actions":[{"conditionParam1":0,"conditionParam2":0,"conditionType":1,"rating":9,"skillId":17},{"conditionParam1":0,"conditionParam2":3,"conditionType":1,"rating":9,"skillId":17},{"conditionParam1":1,"conditionParam2":0,"conditionType":1,"rating":5,"skillId":46},{"conditionParam1":4,"conditionParam2":3,"conditionType":1,"rating":5,"skillId":47},{"conditionParam1":2,"conditionParam2":3,"conditionType":1,"rating":5,"skillId":48}],"battlerHue":0,"battlerName":"Mvactor1_8","dropItems":[{"dataId":1,"denominator":1,"kind":0},{"dataId":1,"denominator":1,"kind":0},{"dataId":1,"denominator":1,"kind":0}],"exp":25252,"traits":[{"code":22,"dataId":0,"value":1},{"code":31,"dataId":1,"value":0},{"code":63,"dataId":1,"value":1},{"code":22,"dataId":8,"value":0.15},{"code":13,"dataId":14,"value":10}],"gold":34256,"name":"Dark Knight Theresa Threeaicue","note":" <FTKR_STATUS_POS_X: 0>\n <FTKR_STATUS_POS_Y: 400>\n <FTKR_STATUS_WIDTH: 750>","params":[7500,200,999,80,200,80,10,10]},{"id":13,"actions":[{"conditionParam1":0,"conditionParam2":0,"conditionType":1,"rating":9,"skillId":50},{"conditionParam1":1,"conditionParam2":0,"conditionType":1,"rating":5,"skillId":51},{"conditionParam1":2,"conditionParam2":0,"conditionType":1,"rating":5,"skillId":52},{"conditionParam1":3,"conditionParam2":0,"conditionType":1,"rating":5,"skillId":53},{"conditionParam1":4,"conditionParam2":0,"conditionType":1,"rating":5,"skillId":54},{"conditionParam1":0,"conditionParam2":5,"conditionType":1,"rating":9,"skillId":50},{"conditionParam1":1,"conditionParam2":5,"conditionType":1,"rating":5,"skillId":51},{"conditionParam1":2,"conditionParam2":5,"conditionType":1,"rating":5,"skillId":52},{"conditionParam1":3,"conditionParam2":5,"conditionType":1,"rating":5,"skillId":53},{"conditionParam1":4,"conditionParam2":5,"conditionType":1,"rating":5,"skillId":54}],"battlerHue":0,"battlerName":"Darklord-final","dropItems":[{"kind":1,"dataId":3,"denominator":1},{"kind":1,"dataId":4,"denominator":1},{"dataId":1,"denominator":1,"kind":0}],"exp":41092,"traits":[{"code":22,"dataId":0,"value":1},{"code":31,"dataId":1,"value":0},{"code":63,"dataId":1,"value":1},{"code":22,"dataId":8,"value":0.2}],"gold":51203,"name":"Demon Lord Dahee Rosfather","note":" <FTKR_STATUS_POS_X: 0>\n <FTKR_STATUS_POS_Y: 390>\n <FTKR_STATUS_WIDTH: 750>","params":[15000,500,400,80,200,80,10,10]},{"id":14,"actions":[{"conditionParam1":0,"conditionParam2":0,"conditionType":0,"rating":5,"skillId":1}],"battlerHue":0,"battlerName":"","dropItems":[{"dataId":1,"denominator":1,"kind":0},{"dataId":1,"denominator":1,"kind":0},{"dataId":1,"denominator":1,"kind":0}],"exp":0,"traits":[{"code":22,"dataId":0,"value":0.95},{"code":22,"dataId":1,"value":0.05},{"code":31,"dataId":1,"value":0}],"gold":0,"name":"","note":"","params":[100,0,10,10,10,10,10,10]},{"id":15,"actions":[{"conditionParam1":0,"conditionParam2":0,"conditionType":1,"rating":9,"skillId":57}],"battlerHue":0,"battlerName":"Demon","dropItems":[{"dataId":1,"denominator":1,"kind":0},{"dataId":1,"denominator":1,"kind":0},{"dataId":1,"denominator":1,"kind":0}],"exp":0,"traits":[{"code":22,"dataId":0,"value":1},{"code":31,"dataId":1,"value":0},{"code":63,"dataId":1,"value":1},{"code":22,"dataId":8,"value":0.2},{"code":22,"dataId":7,"value":0.03}],"gold":0,"name":"King Thecalprint","note":" <FTKR_STATUS_POS_X: 0>\n <FTKR_STATUS_POS_Y: 380>\n <FTKR_STATUS_WIDTH: 750>","params":[50000,500,400,450,400,400,10,10]},{"id":16,"actions":[{"conditionParam1":0,"conditionParam2":0,"conditionType":1,"rating":9,"skillId":58},{"conditionParam1":1,"conditionParam2":0,"conditionType":1,"rating":5,"skillId":59},{"conditionParam1":2,"conditionParam2":0,"conditionType":1,"rating":5,"skillId":60},{"conditionParam1":3,"conditionParam2":0,"conditionType":1,"rating":5,"skillId":62},{"conditionParam1":4,"conditionParam2":0,"conditionType":1,"rating":5,"skillId":61},{"conditionParam1":5,"conditionParam2":0,"conditionType":1,"rating":5,"skillId":54},{"conditionParam1":0,"conditionParam2":6,"conditionType":1,"rating":9,"skillId":58},{"conditionParam1":1,"conditionParam2":6,"conditionType":1,"rating":5,"skillId":59},{"conditionParam1":2,"conditionParam2":6,"conditionType":1,"rating":5,"skillId":60},{"conditionParam1":3,"conditionParam2":6,"conditionType":1,"rating":5,"skillId":62},{"conditionParam1":4,"conditionParam2":6,"conditionType":1,"rating":5,"skillId":61},{"conditionParam1":5,"conditionParam2":6,"conditionType":1,"rating":6,"skillId":54}],"battlerHue":0,"battlerName":"Demon","dropItems":[{"kind":3,"dataId":11,"denominator":1},{"kind":0,"dataId":0,"denominator":1},{"dataId":1,"denominator":1,"kind":0}],"exp":41092,"traits":[{"code":22,"dataId":0,"value":1},{"code":31,"dataId":1,"value":0},{"code":63,"dataId":1,"value":1},{"code":22,"dataId":8,"value":0.2},{"code":22,"dataId":7,"value":0.03}],"gold":51203,"name":"King Thecalprint","note":" <FTKR_STATUS_POS_X: 0>\n <FTKR_STATUS_POS_Y: 390>\n <FTKR_STATUS_WIDTH: 750>","params":[50000,500,400,70,600,70,10,10]},{"id":17,"actions":[{"conditionParam1":0,"conditionParam2":0,"conditionType":0,"rating":5,"skillId":1}],"battlerHue":0,"battlerName":"","dropItems":[{"dataId":1,"denominator":1,"kind":0},{"dataId":1,"denominator":1,"kind":0},{"dataId":1,"denominator":1,"kind":0}],"exp":0,"traits":[{"code":22,"dataId":0,"value":0.95},{"code":22,"dataId":1,"value":0.05},{"code":31,"dataId":1,"value":0}],"gold":0,"name":"","note":"","params":[100,0,10,10,10,10,10,10]},{"id":18,"actions":[{"conditionParam1":0,"conditionParam2":0,"conditionType":1,"rating":5,"skillId":64},{"conditionParam1":1,"conditionParam2":0,"conditionType":1,"rating":5,"skillId":59},{"conditionParam1":2,"conditionParam2":0,"conditionType":1,"rating":5,"skillId":52},{"conditionParam1":3,"conditionParam2":0,"conditionType":1,"rating":5,"skillId":65},{"conditionParam1":4,"conditionParam2":0,"conditionType":1,"rating":5,"skillId":68},{"conditionParam1":5,"conditionParam2":0,"conditionType":1,"rating":5,"skillId":14},{"conditionParam1":6,"conditionParam2":0,"conditionType":1,"rating":5,"skillId":66},{"conditionParam1":30,"conditionParam2":0,"conditionType":6,"rating":9,"skillId":67},{"conditionParam1":0,"conditionParam2":8,"conditionType":1,"rating":5,"skillId":64},{"conditionParam1":1,"conditionParam2":8,"conditionType":1,"rating":5,"skillId":59},{"conditionParam1":2,"conditionParam2":8,"conditionType":1,"rating":5,"skillId":52},{"conditionParam1":3,"conditionParam2":8,"conditionType":1,"rating":5,"skillId":65},{"conditionParam1":4,"conditionParam2":8,"conditionType":1,"rating":5,"skillId":68},{"conditionParam1":5,"conditionParam2":8,"conditionType":1,"rating":5,"skillId":14},{"conditionParam1":6,"conditionParam2":8,"conditionType":1,"rating":5,"skillId":66}],"battlerHue":0,"battlerName":"Evilgod","dropItems":[{"dataId":1,"denominator":1,"kind":0},{"dataId":1,"denominator":1,"kind":0},{"dataId":1,"denominator":1,"kind":0}],"exp":85123,"traits":[{"code":22,"dataId":0,"value":1},{"code":31,"dataId":1,"value":0},{"code":63,"dataId":1,"value":1},{"code":22,"dataId":8,"value":0.2}],"gold":152314,"name":"Queen Cheetin","note":" <FTKR_STATUS_POS_X: 0>\n <FTKR_STATUS_POS_Y: 390>\n <FTKR_STATUS_WIDTH: 750>","params":[130000,1000,500,40,700,40,200,10]},{"id":19,"actions":[{"conditionParam1":0,"conditionParam2":0,"conditionType":0,"rating":5,"skillId":1}],"battlerHue":0,"battlerName":"Slime","dropItems":[{"kind":0,"dataId":0,"denominator":1},{"kind":0,"dataId":0,"denominator":8},{"dataId":1,"denominator":1,"kind":0}],"exp":978,"traits":[{"code":22,"dataId":0,"value":1},{"code":31,"dataId":1,"value":0}],"gold":789,"name":"Slime","note":" <FTKR_STATUS_POS_X: 0>\n <FTKR_STATUS_POS_Y: 160>\n <FTKR_STATUS_WIDTH: 150>","params":[600,0,200,40,200,40,20,30]},{"id":20,"actions":[{"conditionParam1":0,"conditionParam2":0,"conditionType":0,"rating":5,"skillId":1}],"battlerHue":0,"battlerName":"","dropItems":[{"dataId":1,"denominator":1,"kind":0},{"dataId":1,"denominator":1,"kind":0},{"dataId":1,"denominator":1,"kind":0}],"exp":0,"traits":[{"code":22,"dataId":0,"value":0.95},{"code":22,"dataId":1,"value":0.05},{"code":31,"dataId":1,"value":0}],"gold":0,"name":"","note":"","params":[100,0,10,10,10,10,10,10]},{"id":21,"actions":[{"conditionParam1":0,"conditionParam2":0,"conditionType":1,"rating":5,"skillId":64},{"conditionParam1":1,"conditionParam2":0,"conditionType":1,"rating":5,"skillId":59},{"conditionParam1":2,"conditionParam2":0,"conditionType":1,"rating":5,"skillId":52},{"conditionParam1":3,"conditionParam2":0,"conditionType":1,"rating":5,"skillId":65},{"conditionParam1":4,"conditionParam2":0,"conditionType":1,"rating":5,"skillId":68},{"conditionParam1":5,"conditionParam2":0,"conditionType":1,"rating":5,"skillId":14},{"conditionParam1":6,"conditionParam2":0,"conditionType":1,"rating":5,"skillId":66},{"conditionParam1":30,"conditionParam2":0,"conditionType":6,"rating":9,"skillId":67},{"conditionParam1":0,"conditionParam2":8,"conditionType":1,"rating":5,"skillId":64},{"conditionParam1":1,"conditionParam2":8,"conditionType":1,"rating":5,"skillId":59},{"conditionParam1":2,"conditionParam2":8,"conditionType":1,"rating":5,"skillId":52},{"conditionParam1":3,"conditionParam2":8,"conditionType":1,"rating":5,"skillId":65},{"conditionParam1":4,"conditionParam2":8,"conditionType":1,"rating":5,"skillId":68},{"conditionParam1":5,"conditionParam2":8,"conditionType":1,"rating":5,"skillId":14},{"conditionParam1":6,"conditionParam2":8,"conditionType":1,"rating":5,"skillId":66}],"battlerHue":205,"battlerName":"Evilgod","dropItems":[{"dataId":1,"denominator":1,"kind":0},{"dataId":1,"denominator":1,"kind":0},{"dataId":1,"denominator":1,"kind":0}],"exp":0,"traits":[{"code":22,"dataId":0,"value":1},{"code":31,"dataId":1,"value":0},{"code":22,"dataId":8,"value":0.2}],"gold":0,"name":"Fake Cheetin","note":" <FTKR_STATUS_POS_X: -180>\n <FTKR_STATUS_POS_Y: 390>\n <FTKR_STATUS_WIDTH: 300>","params":[130000,1000,999,40,999,40,250,10]},{"id":22,"actions":[{"conditionParam1":0,"conditionParam2":0,"conditionType":1,"rating":9,"skillId":58},{"conditionParam1":1,"conditionParam2":0,"conditionType":1,"rating":5,"skillId":62},{"conditionParam1":2,"conditionParam2":0,"conditionType":1,"rating":5,"skillId":60},{"conditionParam1":3,"conditionParam2":0,"conditionType":1,"rating":5,"skillId":59},{"conditionParam1":4,"conditionParam2":0,"conditionType":1,"rating":5,"skillId":61},{"conditionParam1":5,"conditionParam2":0,"conditionType":1,"rating":5,"skillId":54},{"conditionParam1":0,"conditionParam2":6,"conditionType":1,"rating":9,"skillId":58},{"conditionParam1":1,"conditionParam2":6,"conditionType":1,"rating":5,"skillId":62},{"conditionParam1":2,"conditionParam2":6,"conditionType":1,"rating":5,"skillId":60},{"conditionParam1":3,"conditionParam2":6,"conditionType":1,"rating":5,"skillId":59},{"conditionParam1":4,"conditionParam2":6,"conditionType":1,"rating":5,"skillId":61},{"conditionParam1":5,"conditionParam2":6,"conditionType":1,"rating":6,"skillId":54}],"battlerHue":270,"battlerName":"Demon","dropItems":[{"kind":0,"dataId":0,"denominator":1},{"kind":0,"dataId":0,"denominator":1},{"dataId":1,"denominator":1,"kind":0}],"exp":0,"traits":[{"code":22,"dataId":0,"value":1},{"code":31,"dataId":1,"value":0},{"code":22,"dataId":8,"value":0.2},{"code":22,"dataId":7,"value":0.04}],"gold":0,"name":"Fake Thecalprint","note":" <FTKR_STATUS_POS_X: 0>\n <FTKR_STATUS_POS_Y: 360>\n <FTKR_STATUS_WIDTH: 300>","params":[50000,500,999,70,999,70,250,10]},{"id":23,"actions":[{"conditionParam1":0,"conditionParam2":0,"conditionType":0,"rating":5,"skillId":1}],"battlerHue":0,"battlerName":"","dropItems":[{"dataId":1,"denominator":1,"kind":0},{"dataId":1,"denominator":1,"kind":0},{"dataId":1,"denominator":1,"kind":0}],"exp":0,"traits":[{"code":22,"dataId":0,"value":0.95},{"code":22,"dataId":1,"value":0.05},{"code":31,"dataId":1,"value":0}],"gold":0,"name":"","note":"","params":[100,0,10,10,10,10,10,10]},{"id":24,"actions":[{"conditionParam1":0,"conditionParam2":0,"conditionType":0,"rating":5,"skillId":40}],"battlerHue":30,"battlerName":"Death","dropItems":[{"kind":1,"dataId":3,"denominator":1},{"kind":0,"dataId":0,"denominator":27},{"dataId":1,"denominator":1,"kind":0}],"exp":5120,"traits":[{"code":22,"dataId":0,"value":1},{"code":31,"dataId":1,"value":0}],"gold":0,"name":"Fake Treshmub","note":" <FTKR_STATUS_POS_X: 100>\n <FTKR_STATUS_POS_Y: 370>\n <FTKR_STATUS_WIDTH: 200>","params":[9999,9999,1,1,1,1,999,30]},{"id":25,"actions":[{"conditionParam1":0,"conditionParam2":0,"conditionType":0,"rating":5,"skillId":41},{"conditionParam1":1,"conditionParam2":2,"conditionType":1,"rating":9,"skillId":2}],"battlerHue":264,"battlerName":"Bat","dropItems":[{"kind":1,"dataId":3,"denominator":1},{"kind":0,"dataId":0,"denominator":27},{"dataId":1,"denominator":1,"kind":0}],"exp":5120,"traits":[{"code":22,"dataId":0,"value":1},{"code":31,"dataId":1,"value":0},{"code":11,"dataId":1,"value":0.1},{"code":11,"dataId":2,"value":0.1},{"code":11,"dataId":3,"value":0.1},{"code":11,"dataId":4,"value":0.1},{"code":11,"dataId":6,"value":0.1},{"code":11,"dataId":5,"value":0.1}],"gold":0,"name":"Fake Ovapowa'ard","note":" <FTKR_STATUS_POS_X: 0>\n <FTKR_STATUS_POS_Y: 50>\n <FTKR_STATUS_WIDTH: 200>","params":[25,0,999,999,1,999,1,30]},{"id":26,"actions":[{"conditionParam1":0,"conditionParam2":0,"conditionType":0,"rating":5,"skillId":1},{"conditionParam1":1,"conditionParam2":4,"conditionType":1,"rating":9,"skillId":42},{"conditionParam1":2,"conditionParam2":4,"conditionType":1,"rating":9,"skillId":43},{"conditionParam1":3,"conditionParam2":4,"conditionType":1,"rating":9,"skillId":44}],"battlerHue":148,"battlerName":"Werewolf","dropItems":[{"kind":1,"dataId":3,"denominator":1},{"dataId":1,"denominator":1,"kind":0},{"dataId":1,"denominator":1,"kind":0}],"exp":5212,"traits":[{"code":22,"dataId":0,"value":1},{"code":31,"dataId":1,"value":0},{"code":22,"dataId":8,"value":0.15}],"gold":6455,"name":"Fake Were Wulf","note":" <FTKR_STATUS_POS_X: 0>\n <FTKR_STATUS_POS_Y: 210>\n <FTKR_STATUS_WIDTH: 200>","params":[3600,200,400,60,200,80,10,10]},{"id":27,"actions":[{"conditionParam1":0,"conditionParam2":0,"conditionType":1,"rating":9,"skillId":42},{"conditionParam1":0,"conditionParam2":0,"conditionType":0,"rating":5,"skillId":1},{"conditionParam1":0,"conditionParam2":4,"conditionType":1,"rating":9,"skillId":42},{"conditionParam1":1,"conditionParam2":4,"conditionType":1,"rating":9,"skillId":43},{"conditionParam1":2,"conditionParam2":4,"conditionType":1,"rating":9,"skillId":44}],"battlerHue":168,"battlerName":"Werewolf","dropItems":[{"kind":1,"dataId":3,"denominator":1},{"dataId":1,"denominator":1,"kind":0},{"dataId":1,"denominator":1,"kind":0}],"exp":5212,"traits":[{"code":22,"dataId":0,"value":1},{"code":31,"dataId":1,"value":0},{"code":22,"dataId":8,"value":0.15}],"gold":6455,"name":"Fake Nottyu Tu","note":" <FTKR_STATUS_POS_X: 0>\n <FTKR_STATUS_POS_Y: 0>\n <FTKR_STATUS_WIDTH: 200>","params":[3600,200,400,60,200,80,10,10]},{"id":28,"actions":[{"conditionParam1":0,"conditionParam2":0,"conditionType":1,"rating":9,"skillId":17},{"conditionParam1":0,"conditionParam2":3,"conditionType":1,"rating":9,"skillId":17},{"conditionParam1":1,"conditionParam2":3,"conditionType":1,"rating":5,"skillId":47},{"conditionParam1":2,"conditionParam2":3,"conditionType":1,"rating":5,"skillId":48}],"battlerHue":131,"battlerName":"Mvactor1_8","dropItems":[{"kind":0,"dataId":0,"denominator":1},{"dataId":1,"denominator":1,"kind":0},{"dataId":1,"denominator":1,"kind":0}],"exp":25252,"traits":[{"code":22,"dataId":0,"value":1},{"code":31,"dataId":1,"value":0},{"code":22,"dataId":8,"value":0.15}],"gold":34256,"name":"Fake Theresa","note":" <FTKR_STATUS_POS_X: 0>\n <FTKR_STATUS_POS_Y: 400>\n <FTKR_STATUS_WIDTH: 200>","params":[7500,200,999,80,200,80,10,10]},{"id":29,"actions":[{"conditionParam1":0,"conditionParam2":0,"conditionType":0,"rating":5,"skillId":1}],"battlerHue":0,"battlerName":"","dropItems":[{"dataId":1,"denominator":1,"kind":0},{"dataId":1,"denominator":1,"kind":0},{"dataId":1,"denominator":1,"kind":0}],"exp":0,"traits":[{"code":22,"dataId":0,"value":0.95},{"code":22,"dataId":1,"value":0.05},{"code":31,"dataId":1,"value":0}],"gold":0,"name":"","note":"","params":[100,0,10,10,10,10,10,10]},{"id":30,"actions":[{"conditionParam1":0,"conditionParam2":0,"conditionType":0,"rating":5,"skillId":1}],"battlerHue":0,"battlerName":"","dropItems":[{"dataId":1,"denominator":1,"kind":0},{"dataId":1,"denominator":1,"kind":0},{"dataId":1,"denominator":1,"kind":0}],"exp":0,"traits":[{"code":22,"dataId":0,"value":0.95},{"code":22,"dataId":1,"value":0.05},{"code":31,"dataId":1,"value":0}],"gold":0,"name":"","note":"","params":[100,0,10,10,10,10,10,10]}]