{"autoplayBgm":false,"autoplayBgs":false,"battleback1Name":"Wood2","battleback2Name":"Room1","bgm":{"name":"Town1","pan":0,"pitch":100,"volume":90},"bgs":{"name":"","pan":0,"pitch":100,"volume":90},"disableDashing":false,"displayName":"","encounterList":[],"encounterStep":30,"height":13,"note":"","parallaxLoopX":false,"parallaxLoopY":false,"parallaxName":"","parallaxShow":true,"parallaxSx":0,"parallaxSy":0,"scrollType":0,"specifyBattleback":true,"tilesetId":3,"width":8,"data":[1536,1536,1536,1536,1536,1536,1536,1536,1536,6835,6833,6833,6833,6833,6837,1536,1536,6832,7186,7186,7186,7186,6832,1536,1536,6832,7192,7192,7192,7192,6832,1536,1536,6832,2946,2932,2932,2948,6832,1536,1536,6832,2928,2912,2912,2936,6832,1536,1536,6832,2952,2940,2940,2950,6832,1536,1536,6832,3243,3223,3233,3245,6832,1536,1536,6841,6845,3232,6843,6833,6839,1536,1536,7043,7046,3232,7043,7042,7046,1536,1536,7049,7052,3244,7049,7048,7052,1536,1536,1536,1536,1536,1536,1536,1536,1536,1536,1536,1536,1536,1536,1536,1536,1536,0,0,0,0,0,0,0,0,0,0,0,0,0,0,0,0,0,0,0,0,0,0,0,0,0,0,0,0,0,0,0,0,0,0,0,0,0,0,0,0,0,0,0,0,0,0,0,0,0,0,0,0,0,0,0,0,0,0,0,0,0,0,0,0,0,0,0,0,0,0,0,0,0,0,0,0,0,0,0,0,0,0,0,0,0,0,0,0,0,0,0,0,0,0,0,0,0,0,0,0,0,0,0,0,0,0,0,0,0,0,0,0,0,0,0,0,0,0,0,0,0,0,0,0,0,0,0,0,0,0,0,0,0,0,0,0,0,0,0,0,0,0,0,0,0,0,0,0,0,0,0,0,0,0,0,0,0,0,0,0,0,0,0,0,0,0,0,0,0,0,0,0,0,0,0,0,0,0,0,0,0,0,0,0,0,0,0,0,0,0,0,0,0,0,0,0,0,0,0,0,0,0,0,0,0,0,0,0,0,0,0,0,0,0,0,0,0,0,0,0,0,0,0,0,0,0,51,0,0,17,0,0,0,0,59,0,0,25,0,0,0,0,0,0,0,80,0,0,0,0,0,0,0,88,0,0,0,0,100,0,0,0,0,0,0,0,0,0,0,0,0,0,0,0,0,0,0,0,0,0,0,0,0,0,0,0,0,0,0,0,0,0,0,0,0,0,0,0,0,0,0,0,0,0,0,0,0,0,0,0,0,0,0,0,0,0,0,0,0,0,0,0,0,0,0,0,0,0,0,0,0,0,0,0,0,5,0,0,0,0,0,0,0,5,0,0,5,0,0,0,0,5,0,0,5,0,0,0,0,5,0,0,5,0,0,0,0,5,0,0,5,0,0,0,0,5,0,0,0,0,0,0,0,5,0,0,0,5,0,0,0,5,0,0,0,5,0,0,0,5,0,0,0,0,0,0,0,0,0,0,0,0,0,0,0,0,0,0,0,0,0,0,0,0,0,0,0,0,0,0,0,0,0,0,0,0,0,0,0,0,0,0,0,0,0,0,0,0,0,0,0,0,0,0,0,0,0,0,0,0,0,0,0,0,0,0,0,0,0,0,0,0,0,0,0,0,0,0,0,0,0,0,0,0,0,0,0,0,0,0,0,0,0,0,0,0,0,0,0,0,0,0,0,0,0,0,0,0,0,0,0,0,0,0,0,0,0,0,0,0],"events":[null,{"id":1,"name":"EV001","note":"","pages":[{"conditions":{"actorId":1,"actorValid":false,"itemId":1,"itemValid":false,"selfSwitchCh":"A","selfSwitchValid":false,"switch1Id":1,"switch1Valid":false,"switch2Id":1,"switch2Valid":false,"variableId":1,"variableValid":false,"variableValue":0},"directionFix":true,"image":{"tileId":0,"characterName":"!Flame","direction":4,"pattern":1,"characterIndex":1},"list":[{"code":0,"indent":0,"parameters":[]}],"moveFrequency":3,"moveRoute":{"list":[{"code":0,"parameters":[]}],"repeat":true,"skippable":false,"wait":false},"moveSpeed":3,"moveType":0,"priorityType":1,"stepAnime":true,"through":false,"trigger":0,"walkAnime":true}],"x":4,"y":2},{"id":2,"name":"\u81ea\u52d5\u5b9f\u884c","note":"","pages":[{"conditions":{"actorId":1,"actorValid":false,"itemId":1,"itemValid":false,"selfSwitchCh":"A","selfSwitchValid":false,"switch1Id":1,"switch1Valid":false,"switch2Id":1,"switch2Valid":false,"variableId":1,"variableValid":false,"variableValue":0},"directionFix":false,"image":{"characterIndex":0,"characterName":"","direction":2,"pattern":0,"tileId":0},"list":[{"code":205,"indent":0,"parameters":[3,{"list":[{"code":41,"parameters":["Actor1",0],"indent":null},{"code":45,"parameters":["this._y -= 0.5"],"indent":null},{"code":19,"indent":null},{"code":0}],"repeat":false,"skippable":false,"wait":false}]},{"code":505,"indent":0,"parameters":[{"code":41,"parameters":["Actor1",0],"indent":null}]},{"code":505,"indent":0,"parameters":[{"code":45,"parameters":["this._y -= 0.5"],"indent":null}]},{"code":505,"indent":0,"parameters":[{"code":19,"indent":null}]},{"code":205,"indent":0,"parameters":[5,{"list":[{"code":41,"parameters":["Actor1",7],"indent":null},{"code":19,"indent":null},{"code":0}],"repeat":false,"skippable":false,"wait":false}]},{"code":505,"indent":0,"parameters":[{"code":41,"parameters":["Actor1",7],"indent":null}]},{"code":505,"indent":0,"parameters":[{"code":19,"indent":null}]},{"code":245,"indent":0,"parameters":[{"name":"Night","volume":20,"pitch":100,"pan":0}]},{"code":230,"indent":0,"parameters":[120]},{"code":223,"indent":0,"parameters":[[-68,-68,0,68],120,true]},{"code":230,"indent":0,"parameters":[240]},{"code":205,"indent":0,"parameters":[4,{"list":[{"code":29,"parameters":[2],"indent":null},{"code":19,"indent":null},{"code":44,"parameters":[{"name":"Open1","volume":50,"pitch":100,"pan":0}],"indent":null},{"code":41,"parameters":["Actor3",7],"indent":null},{"code":4,"indent":null},{"code":4,"indent":null},{"code":4,"indent":null},{"code":4,"indent":null},{"code":18,"indent":null},{"code":0}],"repeat":false,"skippable":false,"wait":true}]},{"code":505,"indent":0,"parameters":[{"code":29,"parameters":[2],"indent":null}]},{"code":505,"indent":0,"parameters":[{"code":19,"indent":null}]},{"code":505,"indent":0,"parameters":[{"code":44,"parameters":[{"name":"Open1","volume":50,"pitch":100,"pan":0}],"indent":null}]},{"code":505,"indent":0,"parameters":[{"code":41,"parameters":["Actor3",7],"indent":null}]},{"code":505,"indent":0,"parameters":[{"code":4,"indent":null}]},{"code":505,"indent":0,"parameters":[{"code":4,"indent":null}]},{"code":505,"indent":0,"parameters":[{"code":4,"indent":null}]},{"code":505,"indent":0,"parameters":[{"code":4,"indent":null}]},{"code":505,"indent":0,"parameters":[{"code":18,"indent":null}]},{"code":230,"indent":0,"parameters":[90]},{"code":356,"indent":0,"parameters":["SV_PLAY_VOICE 02m_300 90 100 0 1"]},{"code":101,"indent":0,"parameters":["Actor3",7,0,2]},{"code":401,"indent":0,"parameters":["\\>\\c[4]Mage Martha Betraeor:\\c[0]"]},{"code":401,"indent":0,"parameters":["Theresa...."]},{"code":401,"indent":0,"parameters":["How's Harold looking....?"]},{"code":356,"indent":0,"parameters":["SV_STOP_VOICE 1"]},{"code":230,"indent":0,"parameters":[60]},{"code":356,"indent":0,"parameters":["SV_PLAY_VOICE 01h_301 90 100 0 1"]},{"code":101,"indent":0,"parameters":["Actor1",0,0,2]},{"code":401,"indent":0,"parameters":["\\>\\c[4]Hero Harold Sageblood:\\c[0]"]},{"code":401,"indent":0,"parameters":["I don't wanna die...I don't wanna die..."]},{"code":356,"indent":0,"parameters":["SV_STOP_VOICE 1"]},{"code":230,"indent":0,"parameters":[60]},{"code":356,"indent":0,"parameters":["SV_PLAY_VOICE 03t_301 90 100 0 1"]},{"code":101,"indent":0,"parameters":["Actor1",7,0,2]},{"code":401,"indent":0,"parameters":["\\>\\c[4]Swordmaster Theresa Threeaicue:\\c[0]"]},{"code":401,"indent":0,"parameters":["He's been like this the whole time..."]},{"code":356,"indent":0,"parameters":["SV_STOP_VOICE 1"]},{"code":205,"indent":0,"parameters":[4,{"list":[{"code":4,"indent":null},{"code":45,"parameters":["this._y -= 0.5"],"indent":0},{"code":18,"indent":null},{"code":0}],"repeat":false,"skippable":false,"wait":true}]},{"code":505,"indent":0,"parameters":[{"code":4,"indent":null}]},{"code":505,"indent":0,"parameters":[{"code":45,"parameters":["this._y -= 0.5"],"indent":0}]},{"code":505,"indent":0,"parameters":[{"code":18,"indent":null}]},{"code":230,"indent":0,"parameters":[60]},{"code":356,"indent":0,"parameters":["SV_PLAY_VOICE 02m_301 90 100 0 1"]},{"code":101,"indent":0,"parameters":["Actor3",7,0,2]},{"code":401,"indent":0,"parameters":["\\>\\c[4]Mage Martha Betraeor:\\c[0]"]},{"code":401,"indent":0,"parameters":["Hey, Harold....."]},{"code":356,"indent":0,"parameters":["SV_STOP_VOICE 1"]},{"code":230,"indent":0,"parameters":[60]},{"code":356,"indent":0,"parameters":["SV_PLAY_VOICE 02m_302 90 100 0 1"]},{"code":101,"indent":0,"parameters":["Actor3",7,0,2]},{"code":401,"indent":0,"parameters":["\\>\\c[4]Mage Martha Betraeor:\\c[0]"]},{"code":401,"indent":0,"parameters":["Why did you...."]},{"code":401,"indent":0,"parameters":["decide to become a hero?"]},{"code":356,"indent":0,"parameters":["SV_STOP_VOICE 1"]},{"code":230,"indent":0,"parameters":[60]},{"code":241,"indent":0,"parameters":[{"name":"Scene1","volume":70,"pitch":100,"pan":0}]},{"code":230,"indent":0,"parameters":[60]},{"code":356,"indent":0,"parameters":["SV_PLAY_VOICE 01h_302 90 100 0 1"]},{"code":101,"indent":0,"parameters":["Actor1",0,0,2]},{"code":401,"indent":0,"parameters":["\\>\\c[4]Hero Harold Sageblood:\\c[0]"]},{"code":401,"indent":0,"parameters":["That's...."]},{"code":356,"indent":0,"parameters":["SV_STOP_VOICE 1"]},{"code":230,"indent":0,"parameters":[60]},{"code":356,"indent":0,"parameters":["SV_PLAY_VOICE 01h_303 90 100 0 1"]},{"code":101,"indent":0,"parameters":["Actor1",0,0,2]},{"code":401,"indent":0,"parameters":["\\>\\c[4]Hero Harold Sageblood:\\c[0]"]},{"code":401,"indent":0,"parameters":["Because I wanted to help people...."]},{"code":356,"indent":0,"parameters":["SV_STOP_VOICE 1"]},{"code":230,"indent":0,"parameters":[60]},{"code":356,"indent":0,"parameters":["SV_PLAY_VOICE 01h_304 90 100 0 1"]},{"code":101,"indent":0,"parameters":["Actor1",0,0,2]},{"code":401,"indent":0,"parameters":["\\>\\c[4]Hero Harold Sageblood:\\c[0]"]},{"code":401,"indent":0,"parameters":["I thought that if I became a hero,"]},{"code":401,"indent":0,"parameters":["I'd be able to help everyone...."]},{"code":356,"indent":0,"parameters":["SV_STOP_VOICE 1"]},{"code":230,"indent":0,"parameters":[60]},{"code":356,"indent":0,"parameters":["SV_PLAY_VOICE 01h_305 90 100 0 1"]},{"code":101,"indent":0,"parameters":["Actor1",0,0,2]},{"code":401,"indent":0,"parameters":["\\>\\c[4]Hero Harold Sageblood:\\c[0]"]},{"code":401,"indent":0,"parameters":["Everyone praised me just for defeating"]},{"code":401,"indent":0,"parameters":["those trash mob slimes that came by"]},{"code":401,"indent":0,"parameters":["every now and then."]},{"code":356,"indent":0,"parameters":["SV_STOP_VOICE 1"]},{"code":230,"indent":0,"parameters":[60]},{"code":356,"indent":0,"parameters":["SV_PLAY_VOICE 01h_306 90 100 0 1"]},{"code":101,"indent":0,"parameters":["Actor1",0,0,2]},{"code":401,"indent":0,"parameters":["\\>\\c[4]Hero Harold Sageblood:\\c[0]"]},{"code":401,"indent":0,"parameters":["But as soon as someone stronger "]},{"code":401,"indent":0,"parameters":["shows up, I'm a mess.....!"]},{"code":356,"indent":0,"parameters":["SV_STOP_VOICE 1"]},{"code":230,"indent":0,"parameters":[60]},{"code":356,"indent":0,"parameters":["SV_PLAY_VOICE 01h_307 90 100 0 1"]},{"code":101,"indent":0,"parameters":["Actor1",0,0,2]},{"code":401,"indent":0,"parameters":["\\>\\c[4]Hero Harold Sageblood:\\c[0]"]},{"code":401,"indent":0,"parameters":["I'm not cut out to be a hero....."]},{"code":356,"indent":0,"parameters":["SV_STOP_VOICE 1"]},{"code":230,"indent":0,"parameters":[60]},{"code":356,"indent":0,"parameters":["SV_PLAY_VOICE 03t_302 90 100 0 1"]},{"code":101,"indent":0,"parameters":["Actor1",7,0,2]},{"code":401,"indent":0,"parameters":["\\>\\c[4]Swordmaster Theresa Threeaicue:\\c[0]"]},{"code":401,"indent":0,"parameters":["Hey! Hero Harold Sageblood!"]},{"code":356,"indent":0,"parameters":["SV_PLAY_VOICE 03t_303 90 100 0 1"]},{"code":101,"indent":0,"parameters":["Actor1",7,0,2]},{"code":401,"indent":0,"parameters":["\\>\\c[4]Swordmaster Theresa Threeaicue:\\c[0]"]},{"code":401,"indent":0,"parameters":["This is what I think"]},{"code":401,"indent":0,"parameters":["with my 1 million IQ!"]},{"code":356,"indent":0,"parameters":["SV_PLAY_VOICE 03t_304 90 100 0 1"]},{"code":101,"indent":0,"parameters":["Actor1",7,0,2]},{"code":401,"indent":0,"parameters":["\\>\\c[4]Swordmaster Theresa Threeaicue:\\c[0]"]},{"code":401,"indent":0,"parameters":["The real reason that you think you're"]},{"code":401,"indent":0,"parameters":["not cut out to be a hero...."]},{"code":356,"indent":0,"parameters":["SV_PLAY_VOICE 03t_305 90 100 0 1"]},{"code":101,"indent":0,"parameters":["Actor1",7,0,2]},{"code":401,"indent":0,"parameters":["\\>\\c[4]Swordmaster Theresa Threeaicue:\\c[0]"]},{"code":401,"indent":0,"parameters":["Isn't it because you get scared"]},{"code":401,"indent":0,"parameters":["right when a stronger looking enemy"]},{"code":401,"indent":0,"parameters":["shows up!?"]},{"code":356,"indent":0,"parameters":["SV_STOP_VOICE 1"]},{"code":230,"indent":0,"parameters":[60]},{"code":356,"indent":0,"parameters":["SV_PLAY_VOICE 01h_308 90 100 0 1"]},{"code":101,"indent":0,"parameters":["Actor1",0,0,2]},{"code":401,"indent":0,"parameters":["\\>\\c[4]Hero Harold Sageblood:\\c[0]"]},{"code":401,"indent":0,"parameters":["Yes......that's what I just said....."]},{"code":356,"indent":0,"parameters":["SV_STOP_VOICE 1"]},{"code":230,"indent":0,"parameters":[60]},{"code":356,"indent":0,"parameters":["SV_PLAY_VOICE 03t_306 90 100 0 1"]},{"code":101,"indent":0,"parameters":["Actor1",7,0,2]},{"code":401,"indent":0,"parameters":["\\>\\c[4]Swordmaster Theresa Threeaicue:\\c[0]"]},{"code":401,"indent":0,"parameters":["I see!"]},{"code":356,"indent":0,"parameters":["SV_STOP_VOICE 1"]},{"code":230,"indent":0,"parameters":[120]},{"code":356,"indent":0,"parameters":["SV_PLAY_VOICE 02m_303 90 100 0 1"]},{"code":101,"indent":0,"parameters":["Actor3",7,0,2]},{"code":401,"indent":0,"parameters":["\\>\\c[4]Mage Martha Betraeor:\\c[0]"]},{"code":401,"indent":0,"parameters":["Hey, Harold."]},{"code":356,"indent":0,"parameters":["SV_STOP_VOICE 1"]},{"code":230,"indent":0,"parameters":[60]},{"code":356,"indent":0,"parameters":["SV_PLAY_VOICE 02m_304 90 100 0 1"]},{"code":101,"indent":0,"parameters":["Actor3",7,0,2]},{"code":401,"indent":0,"parameters":["\\>\\c[4]Mage Martha Betraeor:\\c[0]"]},{"code":401,"indent":0,"parameters":["Do you know about the legend of"]},{"code":401,"indent":0,"parameters":["the Sage's Blood?"]},{"code":356,"indent":0,"parameters":["SV_STOP_VOICE 1"]},{"code":230,"indent":0,"parameters":[60]},{"code":356,"indent":0,"parameters":["SV_PLAY_VOICE 01h_308b 90 100 0 1"]},{"code":101,"indent":0,"parameters":["Actor1",0,0,2]},{"code":401,"indent":0,"parameters":["\\>\\c[4]Hero Harold Sageblood:\\c[0]"]},{"code":401,"indent":0,"parameters":["Sage's Blood?"]},{"code":356,"indent":0,"parameters":["SV_PLAY_VOICE 02m_305 90 100 0 1"]},{"code":101,"indent":0,"parameters":["Actor3",7,0,2]},{"code":401,"indent":0,"parameters":["\\>\\c[4]Mage Martha Betraeor:\\c[0]"]},{"code":401,"indent":0,"parameters":["Yeah."]},{"code":356,"indent":0,"parameters":["SV_STOP_VOICE 1"]},{"code":230,"indent":0,"parameters":[60]},{"code":356,"indent":0,"parameters":["SV_PLAY_VOICE 02m_306 90 100 0 1"]},{"code":101,"indent":0,"parameters":["Actor3",7,0,2]},{"code":401,"indent":0,"parameters":["\\>\\c[4]Mage Martha Betraeor:\\c[0]"]},{"code":401,"indent":0,"parameters":["There's someone who carries"]},{"code":401,"indent":0,"parameters":["the Sage's Blood in them,"]},{"code":401,"indent":0,"parameters":["somewhere in this kingdom."]},{"code":356,"indent":0,"parameters":["SV_STOP_VOICE 1"]},{"code":230,"indent":0,"parameters":[60]},{"code":356,"indent":0,"parameters":["SV_PLAY_VOICE 02m_307 90 100 0 1"]},{"code":101,"indent":0,"parameters":["Actor3",7,0,2]},{"code":401,"indent":0,"parameters":["\\>\\c[4]Mage Martha Betraeor:\\c[0]"]},{"code":401,"indent":0,"parameters":["Carriers of the Sage's Blood have"]},{"code":401,"indent":0,"parameters":["immense potential power inside them..."]},{"code":356,"indent":0,"parameters":["SV_PLAY_VOICE 02m_308 90 100 0 1"]},{"code":101,"indent":0,"parameters":["Actor3",7,0,2]},{"code":401,"indent":0,"parameters":["\\>\\c[4]Mage Martha Betraeor:\\c[0]"]},{"code":401,"indent":0,"parameters":["And the legend says that they will use"]},{"code":401,"indent":0,"parameters":["that power to bring peace to the world."]},{"code":356,"indent":0,"parameters":["SV_STOP_VOICE 1"]},{"code":230,"indent":0,"parameters":[60]},{"code":356,"indent":0,"parameters":["SV_PLAY_VOICE 02m_309 90 100 0 1"]},{"code":101,"indent":0,"parameters":["Actor3",7,0,2]},{"code":401,"indent":0,"parameters":["\\>\\c[4]Mage Martha Betraeor:\\c[0]"]},{"code":401,"indent":0,"parameters":["But not even the carrier themselves"]},{"code":401,"indent":0,"parameters":["know that they have the Sage's Blood"]},{"code":401,"indent":0,"parameters":["inside them."]},{"code":356,"indent":0,"parameters":["SV_PLAY_VOICE 02m_310 90 100 0 1"]},{"code":101,"indent":0,"parameters":["Actor3",7,0,2]},{"code":401,"indent":0,"parameters":["\\>\\c[4]Mage Martha Betraeor:\\c[0]"]},{"code":401,"indent":0,"parameters":["It's said that that Sage's Power will"]},{"code":401,"indent":0,"parameters":["awaken to protect someone important,"]},{"code":401,"indent":0,"parameters":["and is amplified by love."]},{"code":356,"indent":0,"parameters":["SV_STOP_VOICE 1"]},{"code":230,"indent":0,"parameters":[60]},{"code":356,"indent":0,"parameters":["SV_PLAY_VOICE 01h_309 90 100 0 1"]},{"code":101,"indent":0,"parameters":["Actor1",0,0,2]},{"code":401,"indent":0,"parameters":["\\>\\c[4]Hero Harold Sageblood:\\c[0]"]},{"code":401,"indent":0,"parameters":["So what....."]},{"code":356,"indent":0,"parameters":["SV_STOP_VOICE 1"]},{"code":230,"indent":0,"parameters":[60]},{"code":356,"indent":0,"parameters":["SV_PLAY_VOICE 01h_310 90 100 0 1"]},{"code":101,"indent":0,"parameters":["Actor1",0,0,2]},{"code":401,"indent":0,"parameters":["\\>\\c[4]Hero Harold Sageblood:\\c[0]"]},{"code":401,"indent":0,"parameters":["How is that related to me at all!"]},{"code":356,"indent":0,"parameters":["SV_STOP_VOICE 1"]},{"code":230,"indent":0,"parameters":[60]},{"code":356,"indent":0,"parameters":["SV_PLAY_VOICE 02m_311 90 100 0 1"]},{"code":101,"indent":0,"parameters":["Actor3",7,0,2]},{"code":401,"indent":0,"parameters":["\\>\\c[4]Mage Martha Betraeor:\\c[0]"]},{"code":401,"indent":0,"parameters":["You know...."]},{"code":401,"indent":0,"parameters":["I think you carry the Sage's Blood,"]},{"code":401,"indent":0,"parameters":["Harold."]},{"code":356,"indent":0,"parameters":["SV_PLAY_VOICE 03t_307 90 100 0 1"]},{"code":101,"indent":0,"parameters":["Actor1",7,0,2]},{"code":401,"indent":0,"parameters":["\\>\\c[4]Swordmaster Theresa Threeaicue:\\c[0]"]},{"code":401,"indent":0,"parameters":["What! In other words....."]},{"code":356,"indent":0,"parameters":["SV_PLAY_VOICE 03t_308 90 100 0 1"]},{"code":101,"indent":0,"parameters":["Actor1",7,0,2]},{"code":401,"indent":0,"parameters":["\\>\\c[4]Swordmaster Theresa Threeaicue:\\c[0]"]},{"code":401,"indent":0,"parameters":["You think Harold Sageblood carries"]},{"code":401,"indent":0,"parameters":["the Sage's Blood!?"]},{"code":356,"indent":0,"parameters":["SV_STOP_VOICE 1"]},{"code":230,"indent":0,"parameters":[60]},{"code":356,"indent":0,"parameters":["SV_PLAY_VOICE 02m_312 90 100 0 1"]},{"code":101,"indent":0,"parameters":["Actor3",7,0,2]},{"code":401,"indent":0,"parameters":["\\>\\c[4]Mage Martha Betraeor:\\c[0]"]},{"code":401,"indent":0,"parameters":["Theresa, stop repeating"]},{"code":401,"indent":0,"parameters":["what we're saying."]},{"code":356,"indent":0,"parameters":["SV_STOP_VOICE 1"]},{"code":230,"indent":0,"parameters":[60]},{"code":356,"indent":0,"parameters":["SV_PLAY_VOICE 01h_311 90 100 0 1"]},{"code":101,"indent":0,"parameters":["Actor1",0,0,2]},{"code":401,"indent":0,"parameters":["\\>\\c[4]Hero Harold Sageblood:\\c[0]"]},{"code":401,"indent":0,"parameters":["The Sage's Blood flows inside me....?"]},{"code":356,"indent":0,"parameters":["SV_PLAY_VOICE 01h_312 90 100 0 1"]},{"code":101,"indent":0,"parameters":["Actor1",0,0,2]},{"code":401,"indent":0,"parameters":["\\>\\c[4]Hero Harold Sageblood:\\c[0]"]},{"code":401,"indent":0,"parameters":["I, Harold Sageblood,"]},{"code":401,"indent":0,"parameters":["carry the Sage's Blood?"]},{"code":356,"indent":0,"parameters":["SV_PLAY_VOICE 03t_309 90 100 0 1"]},{"code":101,"indent":0,"parameters":["Actor1",7,0,2]},{"code":401,"indent":0,"parameters":["\\>\\c[4]Swordmaster Theresa Threeaicue:\\c[0]"]},{"code":401,"indent":0,"parameters":["That's what I said!"]},{"code":356,"indent":0,"parameters":["SV_PLAY_VOICE 02m_313 90 100 0 1"]},{"code":101,"indent":0,"parameters":["Actor3",7,0,2]},{"code":401,"indent":0,"parameters":["\\>\\c[4]Mage Martha Betraeor:\\c[0]"]},{"code":401,"indent":0,"parameters":["Shut up, Theresa."]},{"code":356,"indent":0,"parameters":["SV_STOP_VOICE 1"]},{"code":230,"indent":0,"parameters":[60]},{"code":356,"indent":0,"parameters":["SV_PLAY_VOICE 01h_313 90 100 0 1"]},{"code":101,"indent":0,"parameters":["Actor1",0,0,2]},{"code":401,"indent":0,"parameters":["\\>\\c[4]Hero Harold Sageblood:\\c[0]"]},{"code":401,"indent":0,"parameters":["Hahaha....Ahahaha!"]},{"code":356,"indent":0,"parameters":["SV_STOP_VOICE 1"]},{"code":101,"indent":0,"parameters":["Actor3",7,0,2]},{"code":401,"indent":0,"parameters":["\\>\\c[4]Mage Martha Betraeor:\\c[0]"]},{"code":401,"indent":0,"parameters":["....."]},{"code":205,"indent":0,"parameters":[3,{"list":[{"code":29,"parameters":[2],"indent":null},{"code":2,"indent":null},{"code":0}],"repeat":false,"skippable":false,"wait":true}]},{"code":505,"indent":0,"parameters":[{"code":29,"parameters":[2],"indent":null}]},{"code":505,"indent":0,"parameters":[{"code":2,"indent":null}]},{"code":230,"indent":0,"parameters":[60]},{"code":356,"indent":0,"parameters":["SV_PLAY_VOICE 01h_314 90 100 0 1"]},{"code":101,"indent":0,"parameters":["Actor1",0,0,2]},{"code":401,"indent":0,"parameters":["\\>\\c[4]Hero Harold Sageblood:\\c[0]"]},{"code":401,"indent":0,"parameters":["Don't mess with me!"]},{"code":356,"indent":0,"parameters":["SV_STOP_VOICE 1"]},{"code":230,"indent":0,"parameters":[60]},{"code":356,"indent":0,"parameters":["SV_PLAY_VOICE 01h_315 90 100 0 1"]},{"code":101,"indent":0,"parameters":["Actor1",0,0,2]},{"code":401,"indent":0,"parameters":["\\>\\c[4]Hero Harold Sageblood:\\c[0]"]},{"code":401,"indent":0,"parameters":["I was wondering what you'd bring up..."]},{"code":401,"indent":0,"parameters":["The Sage's Blood?"]},{"code":356,"indent":0,"parameters":["SV_STOP_VOICE 1"]},{"code":230,"indent":0,"parameters":[60]},{"code":356,"indent":0,"parameters":["SV_PLAY_VOICE 01h_316 90 100 0 1"]},{"code":101,"indent":0,"parameters":["Actor1",0,0,2]},{"code":401,"indent":0,"parameters":["\\>\\c[4]Hero Harold Sageblood:\\c[0]"]},{"code":401,"indent":0,"parameters":["Of course even I've heard about"]},{"code":401,"indent":0,"parameters":["the legend of the Sage's Blood before."]},{"code":356,"indent":0,"parameters":["SV_PLAY_VOICE 01h_317 90 100 0 1"]},{"code":101,"indent":0,"parameters":["Actor1",0,0,2]},{"code":401,"indent":0,"parameters":["\\>\\c[4]Hero Harold Sageblood:\\c[0]"]},{"code":401,"indent":0,"parameters":["How it awakens to protect"]},{"code":401,"indent":0,"parameters":["someone important,"]},{"code":401,"indent":0,"parameters":["or how it's amplified by love..."]},{"code":356,"indent":0,"parameters":["SV_PLAY_VOICE 01h_318 90 100 0 1"]},{"code":101,"indent":0,"parameters":["Actor1",0,0,2]},{"code":401,"indent":0,"parameters":["\\>\\c[4]Hero Harold Sageblood:\\c[0]"]},{"code":401,"indent":0,"parameters":["I've even heard how that power gives"]},{"code":401,"indent":0,"parameters":["strength to your allies to defeat a great"]},{"code":401,"indent":0,"parameters":["evil and bring peace to the world!"]},{"code":356,"indent":0,"parameters":["SV_STOP_VOICE 1"]},{"code":230,"indent":0,"parameters":[60]},{"code":356,"indent":0,"parameters":["SV_PLAY_VOICE 01h_319 90 100 0 1"]},{"code":101,"indent":0,"parameters":["Actor1",0,0,2]},{"code":401,"indent":0,"parameters":["\\>\\c[4]Hero Harold Sageblood:\\c[0]"]},{"code":401,"indent":0,"parameters":["But that's all just a made up story!"]},{"code":101,"indent":0,"parameters":["Actor3",7,0,2]},{"code":401,"indent":0,"parameters":["\\>\\c[4]Mage Martha Betraeor:\\c[0]"]},{"code":401,"indent":0,"parameters":["....."]},{"code":356,"indent":0,"parameters":["SV_STOP_VOICE 1"]},{"code":230,"indent":0,"parameters":[60]},{"code":356,"indent":0,"parameters":["SV_PLAY_VOICE 01h_320 90 100 0 1"]},{"code":101,"indent":0,"parameters":["Actor1",0,0,2]},{"code":401,"indent":0,"parameters":["\\>\\c[4]Hero Harold Sageblood:\\c[0]"]},{"code":401,"indent":0,"parameters":["How am I supposed to believe"]},{"code":401,"indent":0,"parameters":["a legend that probably isn't"]},{"code":401,"indent":0,"parameters":["even real....!?"]},{"code":356,"indent":0,"parameters":["SV_STOP_VOICE 1"]},{"code":230,"indent":0,"parameters":[60]},{"code":356,"indent":0,"parameters":["SV_PLAY_VOICE 01h_321 90 100 0 1"]},{"code":101,"indent":0,"parameters":["Actor1",0,0,2]},{"code":401,"indent":0,"parameters":["\\>\\c[4]Hero Harold Sageblood:\\c[0]"]},{"code":401,"indent":0,"parameters":["If this dumb story is the best"]},{"code":401,"indent":0,"parameters":["you can do, then I don't need you"]},{"code":401,"indent":0,"parameters":["to console me."]},{"code":356,"indent":0,"parameters":["SV_PLAY_VOICE 02m_314 90 100 0 1"]},{"code":101,"indent":0,"parameters":["Actor3",7,0,2]},{"code":401,"indent":0,"parameters":["\\>\\c[4]Mage Martha Betraeor:\\c[0]"]},{"code":401,"indent":0,"parameters":["Harold...."]},{"code":356,"indent":0,"parameters":["SV_STOP_VOICE 1"]},{"code":230,"indent":0,"parameters":[60]},{"code":356,"indent":0,"parameters":["SV_PLAY_VOICE 02m_315 90 100 0 1"]},{"code":101,"indent":0,"parameters":["Actor3",7,0,2]},{"code":401,"indent":0,"parameters":["\\>\\c[4]Mage Martha Betraeor:\\c[0]"]},{"code":401,"indent":0,"parameters":["I believe in the legend."]},{"code":356,"indent":0,"parameters":["SV_STOP_VOICE 1"]},{"code":230,"indent":0,"parameters":[60]},{"code":356,"indent":0,"parameters":["SV_PLAY_VOICE 01h_322 90 100 0 1"]},{"code":101,"indent":0,"parameters":["Actor1",0,0,2]},{"code":401,"indent":0,"parameters":["\\>\\c[4]Hero Harold Sageblood:\\c[0]"]},{"code":401,"indent":0,"parameters":["What proof do you have?"]},{"code":356,"indent":0,"parameters":["SV_STOP_VOICE 1"]},{"code":230,"indent":0,"parameters":[60]},{"code":356,"indent":0,"parameters":["SV_PLAY_VOICE 02m_316 90 100 0 1"]},{"code":101,"indent":0,"parameters":["Actor3",7,0,2]},{"code":401,"indent":0,"parameters":["\\>\\c[4]Mage Martha Betraeor:\\c[0]"]},{"code":401,"indent":0,"parameters":["I don't have proof."]},{"code":356,"indent":0,"parameters":["SV_STOP_VOICE 1"]},{"code":230,"indent":0,"parameters":[60]},{"code":356,"indent":0,"parameters":["SV_PLAY_VOICE 02m_317 90 100 0 1"]},{"code":101,"indent":0,"parameters":["Actor3",7,0,2]},{"code":401,"indent":0,"parameters":["\\>\\c[4]Mage Martha Betraeor:\\c[0]"]},{"code":401,"indent":0,"parameters":["But I truly do believe in it."]},{"code":356,"indent":0,"parameters":["SV_STOP_VOICE 1"]},{"code":230,"indent":0,"parameters":[60]},{"code":356,"indent":0,"parameters":["SV_PLAY_VOICE 01h_323 90 100 0 1"]},{"code":101,"indent":0,"parameters":["Actor1",0,0,2]},{"code":401,"indent":0,"parameters":["\\>\\c[4]Hero Harold Sageblood:\\c[0]"]},{"code":401,"indent":0,"parameters":["What does that even mean....."]},{"code":356,"indent":0,"parameters":["SV_STOP_VOICE 1"]},{"code":230,"indent":0,"parameters":[60]},{"code":356,"indent":0,"parameters":["SV_PLAY_VOICE 01h_324 90 100 0 1"]},{"code":101,"indent":0,"parameters":["Actor1",0,0,2]},{"code":401,"indent":0,"parameters":["\\>\\c[4]Hero Harold Sageblood:\\c[0]"]},{"code":401,"indent":0,"parameters":["Even if, let's say, hypothetically,"]},{"code":401,"indent":0,"parameters":["for the sake of argument,"]},{"code":401,"indent":0,"parameters":["that the legend is true."]},{"code":356,"indent":0,"parameters":["SV_PLAY_VOICE 01h_325 90 100 0 1"]},{"code":101,"indent":0,"parameters":["Actor1",0,0,2]},{"code":401,"indent":0,"parameters":["\\>\\c[4]Hero Harold Sageblood:\\c[0]"]},{"code":401,"indent":0,"parameters":["That I, Harold Sageblood, would"]},{"code":401,"indent":0,"parameters":["somehow end up being the one"]},{"code":401,"indent":0,"parameters":["with the Sage's Blood?"]},{"code":356,"indent":0,"parameters":["SV_PLAY_VOICE 01h_326 90 100 0 1"]},{"code":101,"indent":0,"parameters":["Actor1",0,0,2]},{"code":401,"indent":0,"parameters":["\\>\\c[4]Hero Harold Sageblood:\\c[0]"]},{"code":401,"indent":0,"parameters":["That's impossible!"]},{"code":356,"indent":0,"parameters":["SV_PLAY_VOICE 01h_327 90 100 0 1"]},{"code":101,"indent":0,"parameters":["Actor1",0,0,2]},{"code":401,"indent":0,"parameters":["\\>\\c[4]Hero Harold Sageblood:\\c[0]"]},{"code":401,"indent":0,"parameters":["I know better than anyone that"]},{"code":401,"indent":0,"parameters":["there's no way a pathetic nobody like"]},{"code":401,"indent":0,"parameters":["me would be carrying the Sage's Blood!"]},{"code":356,"indent":0,"parameters":["SV_STOP_VOICE 1"]},{"code":230,"indent":0,"parameters":[60]},{"code":356,"indent":0,"parameters":["SV_PLAY_VOICE 01h_328 90 100 0 1"]},{"code":101,"indent":0,"parameters":["Actor1",0,0,2]},{"code":401,"indent":0,"parameters":["\\>\\c[4]Hero Harold Sageblood:\\c[0]"]},{"code":401,"indent":0,"parameters":["Besides...."]},{"code":356,"indent":0,"parameters":["SV_PLAY_VOICE 01h_329 90 100 0 1"]},{"code":101,"indent":0,"parameters":["Actor1",0,0,2]},{"code":401,"indent":0,"parameters":["\\>\\c[4]Hero Harold Sageblood:\\c[0]"]},{"code":401,"indent":0,"parameters":["The Sage's Blood is supposed to"]},{"code":401,"indent":0,"parameters":["awaken when you're trying to protect"]},{"code":401,"indent":0,"parameters":["someone important!"]},{"code":356,"indent":0,"parameters":["SV_PLAY_VOICE 01h_330 90 100 0 1"]},{"code":101,"indent":0,"parameters":["Actor1",0,0,2]},{"code":401,"indent":0,"parameters":["\\>\\c[4]Hero Harold Sageblood:\\c[0]"]},{"code":401,"indent":0,"parameters":["If I really do have the Sage's Blood,"]},{"code":401,"indent":0,"parameters":["then it would have awakened when"]},{"code":401,"indent":0,"parameters":["Gonnadai Rightaway was gonna die!"]},{"code":356,"indent":0,"parameters":["SV_PLAY_VOICE 02m_318 90 100 0 1"]},{"code":101,"indent":0,"parameters":["Actor3",7,0,2]},{"code":401,"indent":0,"parameters":["\\>\\c[4]Mage Martha Betraeor:\\c[0]"]},{"code":401,"indent":0,"parameters":["Gonnadai Rightaway is not"]},{"code":401,"indent":0,"parameters":["important to you!"]},{"code":356,"indent":0,"parameters":["SV_STOP_VOICE 1"]},{"code":230,"indent":0,"parameters":[60]},{"code":356,"indent":0,"parameters":["SV_PLAY_VOICE 01h_331 90 100 0 1"]},{"code":101,"indent":0,"parameters":["Actor1",0,0,2]},{"code":401,"indent":0,"parameters":["\\>\\c[4]Hero Harold Sageblood:\\c[0]"]},{"code":401,"indent":0,"parameters":["Right...."]},{"code":356,"indent":0,"parameters":["SV_STOP_VOICE 1"]},{"code":230,"indent":0,"parameters":[60]},{"code":356,"indent":0,"parameters":["SV_PLAY_VOICE 02m_319 90 100 0 1"]},{"code":101,"indent":0,"parameters":["Actor3",7,0,2]},{"code":401,"indent":0,"parameters":["\\>\\c[4]Mage Martha Betraeor:\\c[0]"]},{"code":401,"indent":0,"parameters":["Harold...."]},{"code":356,"indent":0,"parameters":["SV_PLAY_VOICE 02m_320 90 100 0 1"]},{"code":101,"indent":0,"parameters":["Actor3",7,0,2]},{"code":401,"indent":0,"parameters":["\\>\\c[4]Mage Martha Betraeor:\\c[0]"]},{"code":401,"indent":0,"parameters":["You know,"]},{"code":401,"indent":0,"parameters":["I think believing is important."]},{"code":356,"indent":0,"parameters":["SV_PLAY_VOICE 02m_321 90 100 0 1"]},{"code":101,"indent":0,"parameters":["Actor3",7,0,2]},{"code":401,"indent":0,"parameters":["\\>\\c[4]Mage Martha Betraeor:\\c[0]"]},{"code":401,"indent":0,"parameters":["We've defeated one of the"]},{"code":401,"indent":0,"parameters":["Four Dark Generals by believing in"]},{"code":401,"indent":0,"parameters":["that 1 percent chance...."]},{"code":356,"indent":0,"parameters":["SV_PLAY_VOICE 02m_322 90 100 0 1"]},{"code":101,"indent":0,"parameters":["Actor3",7,0,2]},{"code":401,"indent":0,"parameters":["\\>\\c[4]Mage Martha Betraeor:\\c[0]"]},{"code":401,"indent":0,"parameters":["So Harold...."]},{"code":356,"indent":0,"parameters":["SV_PLAY_VOICE 02m_323 90 100 0 1"]},{"code":101,"indent":0,"parameters":["Actor3",7,0,2]},{"code":401,"indent":0,"parameters":["\\>\\c[4]Mage Martha Betraeor:\\c[0]"]},{"code":401,"indent":0,"parameters":["Don't you think it's alright for you"]},{"code":401,"indent":0,"parameters":["to believe that you have the Sage's"]},{"code":401,"indent":0,"parameters":["Blood in you too?"]},{"code":356,"indent":0,"parameters":["SV_STOP_VOICE 1"]},{"code":230,"indent":0,"parameters":[60]},{"code":101,"indent":0,"parameters":["Actor1",0,0,2]},{"code":401,"indent":0,"parameters":["\\>\\c[4]Hero Harold Sageblood:\\c[0]"]},{"code":401,"indent":0,"parameters":["......"]},{"code":356,"indent":0,"parameters":["SV_STOP_VOICE 1"]},{"code":230,"indent":0,"parameters":[60]},{"code":356,"indent":0,"parameters":["SV_PLAY_VOICE 02m_324 90 100 0 1"]},{"code":101,"indent":0,"parameters":["Actor3",7,0,2]},{"code":401,"indent":0,"parameters":["\\>\\c[4]Mage Martha Betraeor:\\c[0]"]},{"code":401,"indent":0,"parameters":["We'll support you no matter what,"]},{"code":401,"indent":0,"parameters":["even if you get into danger."]},{"code":356,"indent":0,"parameters":["SV_PLAY_VOICE 02m_325 90 100 0 1"]},{"code":101,"indent":0,"parameters":["Actor3",7,0,2]},{"code":401,"indent":0,"parameters":["\\>\\c[4]Mage Martha Betraeor:\\c[0]"]},{"code":401,"indent":0,"parameters":["We'll never betray you."]},{"code":356,"indent":0,"parameters":["SV_PLAY_VOICE 02m_326 90 100 0 1"]},{"code":101,"indent":0,"parameters":["Actor3",7,0,2]},{"code":401,"indent":0,"parameters":["\\>\\c[4]Mage Martha Betraeor:\\c[0]"]},{"code":401,"indent":0,"parameters":["Especially me, Martha Betraeor,"]},{"code":401,"indent":0,"parameters":["who will never ever betray you,"]},{"code":401,"indent":0,"parameters":["Harold, no matter what."]},{"code":356,"indent":0,"parameters":["SV_PLAY_VOICE 01h_332 90 100 0 1"]},{"code":101,"indent":0,"parameters":["Actor1",0,0,2]},{"code":401,"indent":0,"parameters":["\\>\\c[4]Hero Harold Sageblood:\\c[0]"]},{"code":401,"indent":0,"parameters":["Martha....."]},{"code":356,"indent":0,"parameters":["SV_PLAY_VOICE 03t_310 90 100 0 1"]},{"code":101,"indent":0,"parameters":["Actor1",7,0,2]},{"code":401,"indent":0,"parameters":["\\>\\c[4]Swordmaster Theresa Threeaicue:\\c[0]"]},{"code":401,"indent":0,"parameters":["I will also 1 million percent"]},{"code":401,"indent":0,"parameters":["never betray you!"]},{"code":356,"indent":0,"parameters":["SV_PLAY_VOICE 01h_333 90 100 0 1"]},{"code":101,"indent":0,"parameters":["Actor1",0,0,2]},{"code":401,"indent":0,"parameters":["\\>\\c[4]Hero Harold Sageblood:\\c[0]"]},{"code":401,"indent":0,"parameters":["Theresa...."]},{"code":356,"indent":0,"parameters":["SV_PLAY_VOICE 02m_327 90 100 0 1"]},{"code":101,"indent":0,"parameters":["Actor3",7,0,2]},{"code":401,"indent":0,"parameters":["\\>\\c[4]Mage Martha Betraeor:\\c[0]"]},{"code":401,"indent":0,"parameters":["Trust in us and in your own strength,"]},{"code":401,"indent":0,"parameters":["Harold Sageblood."]},{"code":356,"indent":0,"parameters":["SV_STOP_VOICE 1"]},{"code":230,"indent":0,"parameters":[60]},{"code":356,"indent":0,"parameters":["SV_PLAY_VOICE 01h_334 90 100 0 1"]},{"code":101,"indent":0,"parameters":["Actor1",0,0,2]},{"code":401,"indent":0,"parameters":["\\>\\c[4]Hero Harold Sageblood:\\c[0]"]},{"code":401,"indent":0,"parameters":["Yeah...okay."]},{"code":356,"indent":0,"parameters":["SV_STOP_VOICE 1"]},{"code":230,"indent":0,"parameters":[60]},{"code":356,"indent":0,"parameters":["SV_PLAY_VOICE 01h_335 90 100 0 1"]},{"code":101,"indent":0,"parameters":["Actor1",0,0,2]},{"code":401,"indent":0,"parameters":["\\>\\c[4]Hero Harold Sageblood:\\c[0]"]},{"code":401,"indent":0,"parameters":["Well....I still find it hard to believe that"]},{"code":401,"indent":0,"parameters":["I would have the Sage's Blood in me."]},{"code":356,"indent":0,"parameters":["SV_STOP_VOICE 1"]},{"code":230,"indent":0,"parameters":[60]},{"code":356,"indent":0,"parameters":["SV_PLAY_VOICE 02m_328 90 100 0 1"]},{"code":101,"indent":0,"parameters":["Actor3",7,0,2]},{"code":401,"indent":0,"parameters":["\\>\\c[4]Mage Martha Betraeor:\\c[0]"]},{"code":401,"indent":0,"parameters":["No."]},{"code":356,"indent":0,"parameters":["SV_STOP_VOICE 1"]},{"code":230,"indent":0,"parameters":[60]},{"code":356,"indent":0,"parameters":["SV_PLAY_VOICE 02m_329 90 100 0 1"]},{"code":101,"indent":0,"parameters":["Actor3",7,0,2]},{"code":401,"indent":0,"parameters":["\\>\\c[4]Mage Martha Betraeor:\\c[0]"]},{"code":401,"indent":0,"parameters":["Believe it."]},{"code":356,"indent":0,"parameters":["SV_STOP_VOICE 1"]},{"code":230,"indent":0,"parameters":[60]},{"code":356,"indent":0,"parameters":["SV_PLAY_VOICE 01h_336 90 100 0 1"]},{"code":101,"indent":0,"parameters":["Actor1",0,0,2]},{"code":401,"indent":0,"parameters":["\\>\\c[4]Hero Harold Sageblood:\\c[0]"]},{"code":401,"indent":0,"parameters":["......okay."]},{"code":356,"indent":0,"parameters":["SV_STOP_VOICE 1"]},{"code":230,"indent":0,"parameters":[60]},{"code":356,"indent":0,"parameters":["SV_PLAY_VOICE 02m_330 90 100 0 1"]},{"code":101,"indent":0,"parameters":["Actor3",7,0,2]},{"code":401,"indent":0,"parameters":["\\>\\c[4]Mage Martha Betraeor:\\c[0]"]},{"code":401,"indent":0,"parameters":["It's a promise."]},{"code":356,"indent":0,"parameters":["SV_STOP_VOICE 1"]},{"code":230,"indent":0,"parameters":[60]},{"code":356,"indent":0,"parameters":["SV_PLAY_VOICE 01h_337 90 100 0 1"]},{"code":101,"indent":0,"parameters":["Actor1",0,0,2]},{"code":401,"indent":0,"parameters":["\\>\\c[4]Hero Harold Sageblood:\\c[0]"]},{"code":401,"indent":0,"parameters":["Yeah."]},{"code":356,"indent":0,"parameters":["SV_STOP_VOICE 1"]},{"code":230,"indent":0,"parameters":[60]},{"code":356,"indent":0,"parameters":["SV_PLAY_VOICE 02m_331 90 100 0 1"]},{"code":101,"indent":0,"parameters":["Actor3",7,0,2]},{"code":401,"indent":0,"parameters":["\\>\\c[4]Mage Martha Betraeor:\\c[0]"]},{"code":401,"indent":0,"parameters":["Haha..."]},{"code":356,"indent":0,"parameters":["SV_STOP_VOICE 1"]},{"code":230,"indent":0,"parameters":[60]},{"code":101,"indent":0,"parameters":["Actor1",0,0,2]},{"code":401,"indent":0,"parameters":["\\>\\c[4]Hero Harold Sageblood:\\c[0]"]},{"code":401,"indent":0,"parameters":["?"]},{"code":356,"indent":0,"parameters":["SV_STOP_VOICE 1"]},{"code":230,"indent":0,"parameters":[60]},{"code":356,"indent":0,"parameters":["SV_PLAY_VOICE 02m_332 90 100 0 1"]},{"code":101,"indent":0,"parameters":["Actor3",7,0,2]},{"code":401,"indent":0,"parameters":["\\>\\c[4]Mage Martha Betraeor:\\c[0]"]},{"code":401,"indent":0,"parameters":["Your face finally brightened up, Harold."]},{"code":356,"indent":0,"parameters":["SV_STOP_VOICE 1"]},{"code":230,"indent":0,"parameters":[60]},{"code":356,"indent":0,"parameters":["SV_PLAY_VOICE 01h_338 90 100 0 1"]},{"code":101,"indent":0,"parameters":["Actor1",0,0,2]},{"code":401,"indent":0,"parameters":["\\>\\c[4]Hero Harold Sageblood:\\c[0]"]},{"code":401,"indent":0,"parameters":["Yeah!"]},{"code":356,"indent":0,"parameters":["SV_STOP_VOICE 1"]},{"code":230,"indent":0,"parameters":[60]},{"code":356,"indent":0,"parameters":["SV_PLAY_VOICE 03t_311 90 100 0 1"]},{"code":101,"indent":0,"parameters":["Actor1",7,0,2]},{"code":401,"indent":0,"parameters":["\\>\\c[4]Swordmaster Theresa Threeaicue:\\c[0]"]},{"code":401,"indent":0,"parameters":["Alright, sleep well everybody,"]},{"code":401,"indent":0,"parameters":["we head out tomorrow morning!"]},{"code":356,"indent":0,"parameters":["SV_PLAY_VOICE 02m_333 90 100 0 1"]},{"code":101,"indent":0,"parameters":["Actor3",7,0,2]},{"code":401,"indent":0,"parameters":["\\>\\c[4]Mage Martha Betraeor:\\c[0]"]},{"code":401,"indent":0,"parameters":["Sounds good."]},{"code":356,"indent":0,"parameters":["SV_STOP_VOICE 1"]},{"code":230,"indent":0,"parameters":[60]},{"code":356,"indent":0,"parameters":["SV_PLAY_VOICE 02m_334 90 100 0 1"]},{"code":101,"indent":0,"parameters":["Actor3",7,0,2]},{"code":401,"indent":0,"parameters":["\\>\\c[4]Mage Martha Betraeor:\\c[0]"]},{"code":401,"indent":0,"parameters":["Sleep well, you two!"]},{"code":356,"indent":0,"parameters":["SV_STOP_VOICE 1"]},{"code":246,"indent":0,"parameters":[1]},{"code":242,"indent":0,"parameters":[2]},{"code":223,"indent":0,"parameters":[[-255,-255,-255,0],180,true]},{"code":230,"indent":0,"parameters":[120]},{"code":201,"indent":0,"parameters":[0,4,8,7,0,0]},{"code":0,"indent":0,"parameters":[]}],"moveFrequency":3,"moveRoute":{"list":[{"code":0,"parameters":[]}],"repeat":true,"skippable":false,"wait":false},"moveSpeed":3,"moveType":0,"priorityType":0,"stepAnime":false,"through":false,"trigger":3,"walkAnime":true}],"x":0,"y":0},{"id":3,"name":"\u30cf\u30ed\u30eb\u30c9\u51fa\u73fe","note":"","pages":[{"conditions":{"actorId":1,"actorValid":false,"itemId":1,"itemValid":false,"selfSwitchCh":"A","selfSwitchValid":false,"switch1Id":1,"switch1Valid":false,"switch2Id":1,"switch2Valid":false,"variableId":1,"variableValid":false,"variableValue":0},"directionFix":false,"image":{"characterIndex":0,"characterName":"","direction":2,"pattern":0,"tileId":0},"list":[{"code":0,"indent":0,"parameters":[]}],"moveFrequency":3,"moveRoute":{"list":[{"code":0,"parameters":[]}],"repeat":true,"skippable":false,"wait":false},"moveSpeed":3,"moveType":0,"priorityType":0,"stepAnime":false,"through":true,"trigger":0,"walkAnime":true}],"x":5,"y":5},{"id":4,"name":"\u30de\u30fc\u30b7\u30e3\u51fa\u73fe","note":"","pages":[{"conditions":{"actorId":1,"actorValid":false,"itemId":1,"itemValid":false,"selfSwitchCh":"A","selfSwitchValid":false,"switch1Id":1,"switch1Valid":false,"switch2Id":1,"switch2Valid":false,"variableId":1,"variableValid":false,"variableValue":0},"directionFix":false,"image":{"characterIndex":0,"characterName":"","direction":2,"pattern":0,"tileId":0},"list":[{"code":0,"indent":0,"parameters":[]}],"moveFrequency":3,"moveRoute":{"list":[{"code":0,"parameters":[]}],"repeat":true,"skippable":false,"wait":false},"moveSpeed":3,"moveType":0,"priorityType":0,"stepAnime":false,"through":false,"trigger":0,"walkAnime":true}],"x":3,"y":10},{"id":5,"name":"\u30c6\u30ec\u30fc\u30bc\u51fa\u73fe","note":"","pages":[{"conditions":{"actorId":1,"actorValid":false,"itemId":1,"itemValid":false,"selfSwitchCh":"A","selfSwitchValid":false,"switch1Id":1,"switch1Valid":false,"switch2Id":1,"switch2Valid":false,"variableId":1,"variableValid":false,"variableValue":0},"directionFix":false,"image":{"characterIndex":0,"characterName":"","direction":2,"pattern":0,"tileId":0},"list":[{"code":0,"indent":0,"parameters":[]}],"moveFrequency":3,"moveRoute":{"list":[{"code":0,"parameters":[]}],"repeat":true,"skippable":false,"wait":false},"moveSpeed":3,"moveType":0,"priorityType":0,"stepAnime":false,"through":false,"trigger":0,"walkAnime":true}],"x":4,"y":6},null,null,null,null,null,null]}