{"autoplayBgm":false,"autoplayBgs":false,"battleback1Name":"","battleback2Name":"","bgm":{"name":"","pan":0,"pitch":100,"volume":90},"bgs":{"name":"","pan":0,"pitch":100,"volume":90},"disableDashing":false,"displayName":"","encounterList":[],"encounterStep":30,"height":13,"note":"","parallaxLoopX":false,"parallaxLoopY":false,"parallaxName":"","parallaxShow":true,"parallaxSx":0,"parallaxSy":0,"scrollType":0,"specifyBattleback":false,"tilesetId":1,"width":17,"data":[0,0,0,0,0,0,0,0,0,0,0,0,0,0,0,0,0,0,0,0,0,0,0,0,0,0,0,0,0,0,0,0,0,0,0,0,0,0,0,0,0,0,0,0,0,0,0,0,0,0,0,0,0,0,0,0,0,0,0,0,0,0,0,0,0,0,0,0,0,0,0,0,0,0,0,0,0,0,0,0,0,0,0,0,0,0,0,0,0,0,0,0,0,0,0,0,0,0,0,0,0,0,0,0,0,0,0,0,0,0,0,0,0,0,0,0,0,0,0,0,0,0,0,0,0,0,0,0,0,0,0,0,0,0,0,0,0,0,0,0,0,0,0,0,0,0,0,0,0,0,0,0,0,0,0,0,0,0,0,0,0,0,0,0,0,0,0,0,0,0,0,0,0,0,0,0,0,0,0,0,0,0,0,0,0,0,0,0,0,0,0,0,0,0,0,0,0,0,0,0,0,0,0,0,0,0,0,0,0,0,0,0,0,0,0,0,0,0,0,0,0,0,0,0,0,0,0,0,0,0,0,0,0,0,0,0,0,0,0,0,0,0,0,0,0,0,0,0,0,0,0,0,0,0,0,0,0,0,0,0,0,0,0,0,0,0,0,0,0,0,0,0,0,0,0,0,0,0,0,0,0,0,0,0,0,0,0,0,0,0,0,0,0,0,0,0,0,0,0,0,0,0,0,0,0,0,0,0,0,0,0,0,0,0,0,0,0,0,0,0,0,0,0,0,0,0,0,0,0,0,0,0,0,0,0,0,0,0,0,0,0,0,0,0,0,0,0,0,0,0,0,0,0,0,0,0,0,0,0,0,0,0,0,0,0,0,0,0,0,0,0,0,0,0,0,0,0,0,0,0,0,0,0,0,0,0,0,0,0,0,0,0,0,0,0,0,0,0,0,0,0,0,0,0,0,0,0,0,0,0,0,0,0,0,0,0,0,0,0,0,0,0,0,0,0,0,0,0,0,0,0,0,0,0,0,0,0,0,0,0,0,0,0,0,0,0,0,0,0,0,0,0,0,0,0,0,0,0,0,0,0,0,0,0,0,0,0,0,0,0,0,0,0,0,0,0,0,0,0,0,0,0,0,0,0,0,0,0,0,0,0,0,0,0,0,0,0,0,0,0,0,0,0,0,0,0,0,0,0,0,0,0,0,0,0,0,0,0,0,0,0,0,0,0,0,0,0,0,0,0,0,0,0,0,0,0,0,0,0,0,0,0,0,0,0,0,0,0,0,0,0,0,0,0,0,0,0,0,0,0,0,0,0,0,0,0,0,0,0,0,0,0,0,0,0,0,0,0,0,0,0,0,0,0,0,0,0,0,0,0,0,0,0,0,0,0,0,0,0,0,0,0,0,0,0,0,0,0,0,0,0,0,0,0,0,0,0,0,0,0,0,0,0,0,0,0,0,0,0,0,0,0,0,0,0,0,0,0,0,0,0,0,0,0,0,0,0,0,0,0,0,0,0,0,0,0,0,0,0,0,0,0,0,0,0,0,0,0,0,0,0,0,0,0,0,0,0,0,0,0,0,0,0,0,0,0,0,0,0,0,0,0,0,0,0,0,0,0,0,0,0,0,0,0,0,0,0,0,0,0,0,0,0,0,0,0,0,0,0,0,0,0,0,0,0,0,0,0,0,0,0,0,0,0,0,0,0,0,0,0,0,0,0,0,0,0,0,0,0,0,0,0,0,0,0,0,0,0,0,0,0,0,0,0,0,0,0,0,0,0,0,0,0,0,0,0,0,0,0,0,0,0,0,0,0,0,0,0,0,0,0,0,0,0,0,0,0,0,0,0,0,0,0,0,0,0,0,0,0,0,0,0,0,0,0,0,0,0,0,0,0,0,0,0,0,0,0,0,0,0,0,0,0,0,0,0,0,0,0,0,0,0,0,0,0,0,0,0,0,0,0,0,0,0,0,0,0,0,0,0,0,0,0,0,0,0,0,0,0,0,0,0,0,0,0,0,0,0,0,0,0,0,0,0,0,0,0,0,0,0,0,0,0,0,0,0,0,0,0,0,0,0,0,0,0,0,0,0,0,0,0,0,0,0,0,0,0,0,0,0,0,0,0,0,0,0,0,0,0,0,0,0,0,0,0,0,0,0,0,0,0,0,0,0,0,0,0,0,0,0,0,0,0,0,0,0,0,0,0,0,0,0,0,0,0,0,0,0,0,0,0,0,0,0,0,0,0,0,0,0,0,0,0,0,0,0,0,0,0,0,0,0,0,0,0,0,0,0,0,0,0,0,0,0,0,0,0,0,0,0,0,0,0,0,0,0,0,0,0,0,0,0,0,0,0,0,0,0,0,0,0,0,0,0,0,0,0,0,0,0,0,0,0,0,0,0,0,0,0,0,0,0,0,0,0,0,0,0,0,0,0,0,0,0,0,0,0,0,0,0,0,0,0,0,0,0,0,0,0,0,0,0,0,0,0,0,0,0,0,0,0,0,0,0,0,0,0,0,0,0,0,0,0,0,0,0,0,0,0,0,0,0,0,0,0,0,0,0,0,0,0,0,0,0,0,0,0,0,0,0,0,0,0,0,0,0,0,0,0,0,0,0,0,0,0,0,0,0,0,0,0,0,0,0,0,0,0,0,0,0,0,0,0,0,0,0,0,0,0,0,0,0,0,0,0,0,0,0,0,0,0,0,0,0,0,0,0,0,0,0,0,0,0,0,0,0,0,0,0,0,0,0,0,0,0,0,0,0,0,0,0,0,0,0,0,0,0,0,0,0,0,0,0,0,0,0,0,0,0,0,0,0,0,0,0,0,0,0,0,0,0,0,0,0,0,0,0,0,0,0,0,0,0,0,0,0,0,0,0,0,0,0,0,0,0,0,0,0,0,0,0,0,0,0,0,0,0,0,0,0,0,0,0,0,0,0,0,0,0,0,0,0,0,0,0,0,0,0,0,0,0,0,0,0,0,0,0,0,0,0,0,0,0,0,0,0,0,0,0,0,0,0,0,0,0,0],"events":[null,{"id":1,"name":"\u81ea\u52d5\u5b9f\u884c","note":"","pages":[{"conditions":{"actorId":1,"actorValid":false,"itemId":1,"itemValid":false,"selfSwitchCh":"A","selfSwitchValid":false,"switch1Id":1,"switch1Valid":false,"switch2Id":1,"switch2Valid":false,"variableId":1,"variableValid":false,"variableValue":0},"directionFix":false,"image":{"characterIndex":0,"characterName":"","direction":2,"pattern":0,"tileId":0},"list":[{"code":230,"indent":0,"parameters":[120]},{"code":223,"indent":0,"parameters":[[-255,-255,-255,0],1,false]},{"code":211,"indent":0,"parameters":[1]},{"code":356,"indent":0,"parameters":["DISABLE_FAST_FORWARD"]},{"code":121,"indent":0,"parameters":[1,1,0]},{"code":122,"indent":0,"parameters":[1,1,0,0,1]},{"code":101,"indent":0,"parameters":["",0,2,1]},{"code":401,"indent":0,"parameters":["\\>\\c[4][Instructions] (Keyboard) \\c[0]\\."]},{"code":401,"indent":0,"parameters":["\u3000[\uff3a\/Enter] Confirm (Confirm\uff0fInteract\uff0fTalk)"]},{"code":401,"indent":0,"parameters":["\u3000[\uff38] Cancel (Cancel\/Open Menu)"]},{"code":401,"indent":0,"parameters":["\u3000[\u2191\u2190\u2193\u2192\/\uff37\uff21\uff33\uff24] Move\\."]},{"code":101,"indent":0,"parameters":["",0,2,1]},{"code":401,"indent":0,"parameters":["\\>\\c[4][Instructions]\uff08Smartphone\uff09\\c[0]"]},{"code":401,"indent":0,"parameters":["\u3000[Tap] Confirm\/Interact\/Talk\/Move to space"]},{"code":401,"indent":0,"parameters":["\u3000[2 finger tap] Cancel\/Open and close menu"]},{"code":230,"indent":0,"parameters":[60]},{"code":101,"indent":0,"parameters":["",0,2,1]},{"code":401,"indent":0,"parameters":["\\>\\c[4][Voice Settings]\\c[0]"]},{"code":401,"indent":0,"parameters":["This game is fully voice acted."]},{"code":401,"indent":0,"parameters":["You can turn off the voices by selecting [Voice off]"]},{"code":401,"indent":0,"parameters":["\u203bYou may change this anytime under [Options]\\."]},{"code":102,"indent":0,"parameters":[["Voice on","Voice off"],-1,0,0,2]},{"code":402,"indent":0,"parameters":[0,"Voice on"]},{"code":0,"indent":1,"parameters":[]},{"code":402,"indent":0,"parameters":[1,"Voice off"]},{"code":355,"indent":1,"parameters":["ConfigManager['voiceVolume'] = 0;"]},{"code":0,"indent":1,"parameters":[]},{"code":404,"indent":0,"parameters":[]},{"code":230,"indent":0,"parameters":[180]},{"code":241,"indent":0,"parameters":[{"name":"Theme5","volume":90,"pitch":100,"pan":0}]},{"code":230,"indent":0,"parameters":[165]},{"code":122,"indent":0,"parameters":[1,1,0,0,0]},{"code":101,"indent":0,"parameters":["",0,1,1]},{"code":401,"indent":0,"parameters":["\u3000\u3000\u3000\u3000 KSB Games \"Way too ___\" RPG New Trilogy"]},{"code":401,"indent":0,"parameters":[""]},{"code":401,"indent":0,"parameters":["                  3rd Entry\\|\\|\\|\\.\\^"]},{"code":122,"indent":0,"parameters":[1,1,0,0,1]},{"code":101,"indent":0,"parameters":["",0,1,1]},{"code":401,"indent":0,"parameters":["  Mysterious disappearances occur throughout the kingdom..."]},{"code":401,"indent":0,"parameters":[""]},{"code":401,"indent":0,"parameters":["                King Thecalprint orders the Hero"]},{"code":401,"indent":0,"parameters":["           to defeat the culprit behind this incident...\\|\\.\\.\\^"]},{"code":101,"indent":0,"parameters":["",0,1,1]},{"code":401,"indent":0,"parameters":[""]},{"code":401,"indent":0,"parameters":["           The hero meets the Mage, Martha Betraeor"]},{"code":401,"indent":0,"parameters":["            Who swears to never betray the hero....\\|\\.\\.\\^"]},{"code":101,"indent":0,"parameters":["",0,1,1]},{"code":401,"indent":0,"parameters":[""]},{"code":401,"indent":0,"parameters":["                 Where did the hero's father go,"]},{"code":401,"indent":0,"parameters":["            after he went away to travel the world?\\|\\|\\.\\.\\^"]},{"code":101,"indent":0,"parameters":["",0,1,1]},{"code":401,"indent":0,"parameters":[""]},{"code":401,"indent":0,"parameters":["       The Demon Lord Dahee Rosfather awaits our heroes...\\.\\.\\^"]},{"code":230,"indent":0,"parameters":[15]},{"code":101,"indent":0,"parameters":["",0,1,1]},{"code":401,"indent":0,"parameters":[""]},{"code":401,"indent":0,"parameters":["            Find out the truth about the Demon Lord"]},{"code":401,"indent":0,"parameters":["               at the end of the journey in \u2015\u2015\\|\\|\\.\\.\\^"]},{"code":230,"indent":0,"parameters":[90]},{"code":122,"indent":0,"parameters":[1,1,0,0,0]},{"code":101,"indent":0,"parameters":["",0,1,1]},{"code":401,"indent":0,"parameters":[""]},{"code":401,"indent":0,"parameters":["                  Way too many Spoilers RPG:"]},{"code":401,"indent":0,"parameters":["            The true identity of the final enemy"]},{"code":401,"indent":0,"parameters":["                   is the hero's father\\|\\|\\|\\.\\.\\^"]},{"code":230,"indent":0,"parameters":[120]},{"code":122,"indent":0,"parameters":[1,1,0,0,1]},{"code":101,"indent":0,"parameters":["",0,2,1]},{"code":401,"indent":0,"parameters":["\\>\\c[10]\uff01\uff01Spoiler Warning\uff01\uff01\\c[0]"]},{"code":401,"indent":0,"parameters":["The title and characters in this game contains"]},{"code":401,"indent":0,"parameters":["heavy spoilers regarding the plot of the game."]},{"code":401,"indent":0,"parameters":["Please be warned."]},{"code":242,"indent":0,"parameters":[1]},{"code":230,"indent":0,"parameters":[120]},{"code":101,"indent":0,"parameters":["",0,2,1]},{"code":401,"indent":0,"parameters":["Oh, and one of your companions"]},{"code":401,"indent":0,"parameters":["is going to die within the first 5 minutes."]},{"code":230,"indent":0,"parameters":[180]},{"code":201,"indent":0,"parameters":[0,7,10,10,8,0]},{"code":0,"indent":0,"parameters":[]}],"moveFrequency":3,"moveRoute":{"list":[{"code":0,"parameters":[]}],"repeat":true,"skippable":false,"wait":false},"moveSpeed":3,"moveType":0,"priorityType":0,"stepAnime":false,"through":false,"trigger":4,"walkAnime":true}],"x":0,"y":0}]}