{"autoplayBgm":false,"autoplayBgs":false,"battleback1Name":"Wood1","battleback2Name":"Room1","bgm":{"name":"","pan":0,"pitch":100,"volume":90},"bgs":{"name":"","pan":0,"pitch":100,"volume":90},"disableDashing":false,"displayName":"Item Shop","encounterList":[],"encounterStep":30,"height":15,"note":"","parallaxLoopX":false,"parallaxLoopY":false,"parallaxName":"","parallaxShow":true,"parallaxSx":0,"parallaxSy":0,"scrollType":0,"specifyBattleback":true,"tilesetId":3,"width":13,"data":[1536,1536,1536,1536,1536,1536,1536,1536,1536,1536,1536,1536,1536,1536,6835,6833,6833,6833,6833,6833,6833,6833,6833,6833,6837,1536,1536,6832,7043,7042,7042,7042,7042,7042,7042,7042,7046,6832,1536,1536,6832,7049,7048,7048,7048,7048,7048,7048,7048,7052,6832,1536,1536,6832,2850,2836,2836,2836,2836,2836,2836,2836,2852,6832,1536,1536,6832,2832,2816,2816,2816,2816,2816,2816,2816,2840,6832,1536,1536,6832,2832,2816,2816,2816,2816,2816,2816,2816,2840,6832,1536,1536,6832,2832,2816,2816,2820,2844,2844,2844,2844,2854,6832,1536,1536,6832,2832,2816,2816,2840,3723,3713,3713,3713,3725,6832,1536,1536,6832,2832,2816,2816,2818,2836,2836,2836,2836,2852,6832,1536,1536,6832,2832,2816,2816,2816,2816,2816,2816,2816,2840,6832,1536,1536,6832,2832,2816,2816,2816,2816,2816,2816,2816,2840,6832,1536,1536,6832,2856,2844,2844,2844,2828,2844,2844,2844,2854,6832,1536,1536,6841,6833,6833,6833,6837,2848,6835,6833,6833,6833,6839,1536,1536,1536,1536,1536,1536,6832,2848,6832,1536,1536,1536,1536,1536,0,0,0,0,0,0,0,0,0,0,0,0,0,0,0,0,0,0,0,0,0,0,0,0,0,0,0,0,0,0,0,0,0,0,0,0,0,0,0,0,0,0,0,0,0,0,0,0,0,0,0,0,0,0,0,0,0,0,3194,0,0,0,0,0,0,0,0,0,0,0,0,3184,0,0,0,0,0,0,0,0,3186,3172,3188,0,3184,0,0,0,0,0,0,0,0,3192,3180,3190,0,3193,3185,3185,3185,3197,0,0,0,0,0,0,0,0,0,0,0,0,0,0,0,0,0,0,0,0,0,0,0,0,0,0,0,0,0,0,3186,3172,3188,0,0,0,0,0,0,0,0,0,0,3192,3180,3190,0,0,0,0,0,0,0,0,0,0,0,0,0,0,0,0,0,0,0,0,0,0,0,0,0,0,0,0,0,0,0,0,0,0,0,0,0,0,0,0,0,0,0,0,0,0,0,0,0,0,0,0,0,0,0,0,0,0,0,0,0,0,0,0,0,0,0,0,0,0,0,0,0,0,0,0,0,0,0,0,0,0,0,0,0,0,0,0,67,0,0,0,0,0,0,0,0,0,0,0,0,75,0,0,0,0,0,0,0,0,0,0,0,0,0,0,0,0,0,0,0,0,0,0,0,0,0,0,0,0,0,0,0,0,0,0,0,0,0,0,0,0,0,0,0,0,0,0,0,0,0,0,0,0,0,0,0,0,0,0,0,0,0,0,0,0,0,0,0,0,0,0,0,0,0,0,0,0,0,0,0,0,0,0,0,0,0,0,0,0,0,0,0,0,0,0,0,0,0,0,0,0,0,0,0,0,0,0,0,0,0,0,0,0,0,0,0,0,0,0,0,0,0,0,0,0,0,0,0,0,0,0,0,0,0,0,0,0,0,0,0,0,0,0,0,0,0,0,0,0,0,0,0,0,0,0,0,0,0,0,0,0,0,0,0,0,0,0,0,0,0,0,397,398,0,32,0,0,32,0,0,0,0,68,66,67,68,393,40,70,71,40,0,0,0,0,76,74,75,76,341,0,78,79,209,0,0,0,0,0,0,0,0,367,0,0,0,0,0,0,0,0,374,375,362,0,357,0,0,104,0,0,0,0,0,357,358,358,0,370,372,0,329,0,0,0,0,0,0,0,0,0,0,0,0,0,0,0,0,0,0,0,0,0,0,0,0,0,0,0,0,0,0,0,354,356,353,0,0,0,68,65,64,0,0,0,0,363,361,366,0,0,0,76,73,72,0,0,0,0,0,0,0,0,0,0,0,0,0,0,0,0,0,0,0,0,0,0,0,0,0,0,0,0,0,0,0,0,0,0,0,0,0,0,0,0,0,0,0,0,0,0,0,0,0,0,0,0,0,0,0,0,0,0,0,0,0,0,0,0,0,0,0,0,0,0,0,0,0,0,0,0,0,0,0,5,0,0,0,0,0,0,0,0,0,0,0,0,5,0,0,5,0,0,0,0,0,0,0,5,0,5,0,0,5,0,0,0,0,0,0,0,0,0,5,0,0,5,0,0,0,0,0,0,0,0,0,5,0,0,5,0,0,0,0,0,0,0,0,0,5,0,0,5,0,0,0,0,0,0,0,0,0,5,0,0,5,0,0,0,0,0,0,0,0,0,5,0,0,5,0,0,0,0,0,0,0,0,0,5,0,0,5,0,0,0,0,0,0,0,0,0,5,0,0,5,0,0,0,0,0,0,0,0,0,5,0,0,0,0,0,0,0,0,0,0,0,0,5,0,0,0,0,0,0,5,0,5,0,0,0,0,0,0,0,0,0,0,0,0,0,0,0,0,0,0,0,0,0,0,0,0,0,0,0,0,0,0,0,0,0,0,0,0,0,0,0,0,0,0,0,0,0,0,0,0,0,0,0,0,0,0,0,0,0,0,0,0,0,0,0,0,0,0,0,0,0,0,0,0,0,0,0,0,0,0,0,0,0,0,0,0,0,0,0,0,0,0,0,0,0,0,0,0,0,0,0,0,0,0,0,0,0,0,0,0,0,0,0,0,0,0,0,0,0,0,0,0,0,0,0,0,0,0,0,0,0,0,0,0,0,0,0,0,0,0,0,0,0,0,0,0,0,0,0,0,0,0,0,0,0,0,0,0,0,0,0,0,0,0,0,0,0,0,0,0,0,0,0,0,0,0,0,0,0,0,0,0,0,0,0,0,0,0,0,0,0,0,0,0,0,0,0,0,0,0,0],"events":[null,{"id":1,"name":"EV001","note":"","pages":[{"conditions":{"actorId":1,"actorValid":false,"itemId":1,"itemValid":false,"selfSwitchCh":"A","selfSwitchValid":false,"switch1Id":1,"switch1Valid":false,"switch2Id":1,"switch2Valid":false,"variableId":1,"variableValid":false,"variableValue":0},"directionFix":true,"image":{"tileId":0,"characterName":"!Flame","direction":4,"pattern":1,"characterIndex":1},"list":[{"code":0,"indent":0,"parameters":[]}],"moveFrequency":3,"moveRoute":{"list":[{"code":0,"parameters":[]}],"repeat":true,"skippable":false,"wait":false},"moveSpeed":3,"moveType":0,"priorityType":1,"stepAnime":true,"through":false,"trigger":0,"walkAnime":true}],"x":6,"y":2},{"id":2,"name":"EV002","note":"","pages":[{"conditions":{"actorId":1,"actorValid":false,"itemId":1,"itemValid":false,"selfSwitchCh":"A","selfSwitchValid":false,"switch1Id":1,"switch1Valid":false,"switch2Id":1,"switch2Valid":false,"variableId":1,"variableValid":false,"variableValue":0},"directionFix":false,"image":{"characterIndex":0,"characterName":"","direction":2,"pattern":0,"tileId":0},"list":[{"code":201,"indent":0,"parameters":[0,6,26,7,0,0]},{"code":0,"indent":0,"parameters":[]}],"moveFrequency":3,"moveRoute":{"list":[{"code":0,"parameters":[]}],"repeat":true,"skippable":false,"wait":false},"moveSpeed":3,"moveType":0,"priorityType":0,"stepAnime":false,"through":false,"trigger":1,"walkAnime":true}],"x":6,"y":14},{"id":3,"name":"\u30ab\u30cd\u30e0","note":"","pages":[{"conditions":{"actorId":1,"actorValid":false,"itemId":1,"itemValid":false,"selfSwitchCh":"A","selfSwitchValid":false,"switch1Id":1,"switch1Valid":false,"switch2Id":1,"switch2Valid":false,"variableId":1,"variableValid":false,"variableValue":0},"directionFix":false,"image":{"tileId":0,"characterName":"People1","direction":2,"pattern":1,"characterIndex":2},"list":[{"code":0,"indent":0,"parameters":[]}],"moveFrequency":3,"moveRoute":{"list":[{"code":0,"parameters":[]}],"repeat":true,"skippable":false,"wait":false},"moveSpeed":3,"moveType":0,"priorityType":1,"stepAnime":false,"through":false,"trigger":0,"walkAnime":true}],"x":9,"y":6},{"id":4,"name":"EV004","note":"","pages":[{"conditions":{"actorId":1,"actorValid":false,"itemId":1,"itemValid":false,"selfSwitchCh":"A","selfSwitchValid":false,"switch1Id":1,"switch1Valid":false,"switch2Id":1,"switch2Valid":false,"variableId":1,"variableValid":false,"variableValue":0},"directionFix":false,"image":{"characterIndex":0,"characterName":"","direction":2,"pattern":0,"tileId":0},"list":[{"code":101,"indent":0,"parameters":["People1",2,0,2]},{"code":401,"indent":0,"parameters":["\\>\\c[4]Infinit Muneyglitch:\\c[0]"]},{"code":401,"indent":0,"parameters":["Welcome!"]},{"code":401,"indent":0,"parameters":["Have a look at my wares!"]},{"code":101,"indent":0,"parameters":["People1",2,0,2]},{"code":401,"indent":0,"parameters":["\\>\\c[4]Infinit Muneyglitch:\\c[0]"]},{"code":401,"indent":0,"parameters":["We're currently having a sale!"]},{"code":401,"indent":0,"parameters":["[Sellsatta Highprice] Necklaces"]},{"code":401,"indent":0,"parameters":["are currently 70% off!"]},{"code":101,"indent":0,"parameters":["People1",2,0,2]},{"code":401,"indent":0,"parameters":["\\>\\c[4]Infinit Muneyglitch:\\c[0]"]},{"code":401,"indent":0,"parameters":["We're also buying items at 50%"]},{"code":401,"indent":0,"parameters":["the markup price!"]},{"code":302,"indent":0,"parameters":[0,1,0,0,false]},{"code":605,"indent":0,"parameters":[0,2,0,0]},{"code":605,"indent":0,"parameters":[0,3,0,0]},{"code":605,"indent":0,"parameters":[0,4,0,0]},{"code":605,"indent":0,"parameters":[2,5,0,0]},{"code":605,"indent":0,"parameters":[2,6,0,0]},{"code":605,"indent":0,"parameters":[2,7,0,0]},{"code":605,"indent":0,"parameters":[2,8,1,60000]},{"code":101,"indent":0,"parameters":["People1",2,0,2]},{"code":401,"indent":0,"parameters":["\\>\\c[4]Infinit Muneyglitch:\\c[0]"]},{"code":401,"indent":0,"parameters":["Thank you very much!"]},{"code":401,"indent":0,"parameters":["Come again!"]},{"code":0,"indent":0,"parameters":[]}],"moveFrequency":3,"moveRoute":{"list":[{"code":0,"parameters":[]}],"repeat":true,"skippable":false,"wait":false},"moveSpeed":3,"moveType":0,"priorityType":1,"stepAnime":false,"through":false,"trigger":0,"walkAnime":true}],"x":9,"y":7},{"id":5,"name":"\u30e4\u30df\u30fc\u30ad\u30f3","note":"","pages":[{"conditions":{"actorId":1,"actorValid":false,"itemId":1,"itemValid":false,"selfSwitchCh":"A","selfSwitchValid":false,"switch1Id":1,"switch1Valid":false,"switch2Id":1,"switch2Valid":false,"variableId":1,"variableValid":false,"variableValue":0},"directionFix":false,"image":{"tileId":0,"characterName":"People1","direction":6,"pattern":1,"characterIndex":7},"list":[{"code":101,"indent":0,"parameters":["People1",7,0,2]},{"code":401,"indent":0,"parameters":["\\>\\c[4]Shadycash:\\c[0]"]},{"code":401,"indent":0,"parameters":["You.....That looks like the face of"]},{"code":401,"indent":0,"parameters":["someone who wants to borrow"]},{"code":401,"indent":0,"parameters":["some money."]},{"code":101,"indent":0,"parameters":["People1",7,0,2]},{"code":401,"indent":0,"parameters":["\\>\\c[4]Shadycash:\\c[0]"]},{"code":401,"indent":0,"parameters":["Do you want me to lend you 60000G?"]},{"code":102,"indent":0,"parameters":[["Yes","No"],1,0,2,0]},{"code":402,"indent":0,"parameters":[0,"Yes"]},{"code":250,"indent":1,"parameters":[{"name":"Shop1","volume":90,"pitch":100,"pan":0}]},{"code":101,"indent":1,"parameters":["",0,0,2]},{"code":401,"indent":1,"parameters":["You borrowed 60000G from Shadycash."]},{"code":125,"indent":1,"parameters":[0,0,60000]},{"code":101,"indent":1,"parameters":["People1",7,0,2]},{"code":401,"indent":1,"parameters":["\\>\\c[4]Shadycash:\\c[0]"]},{"code":401,"indent":1,"parameters":["Heh heh heh...."]},{"code":401,"indent":1,"parameters":["Give me back 100000G."]},{"code":123,"indent":1,"parameters":["A",0]},{"code":0,"indent":1,"parameters":[]},{"code":402,"indent":0,"parameters":[1,"No"]},{"code":101,"indent":1,"parameters":["People1",7,0,2]},{"code":401,"indent":1,"parameters":["\\>\\c[4]Shadycash:\\c[0]"]},{"code":401,"indent":1,"parameters":["Heh heh heh....You got away"]},{"code":401,"indent":1,"parameters":["without stepping foot into this world."]},{"code":0,"indent":1,"parameters":[]},{"code":404,"indent":0,"parameters":[]},{"code":0,"indent":0,"parameters":[]}],"moveFrequency":3,"moveRoute":{"list":[{"code":0,"parameters":[]}],"repeat":true,"skippable":false,"wait":false},"moveSpeed":3,"moveType":0,"priorityType":1,"stepAnime":false,"through":false,"trigger":0,"walkAnime":true},{"conditions":{"actorId":1,"actorValid":false,"itemId":1,"itemValid":false,"selfSwitchCh":"A","selfSwitchValid":true,"switch1Id":1,"switch1Valid":false,"switch2Id":1,"switch2Valid":false,"variableId":1,"variableValid":false,"variableValue":0},"directionFix":false,"image":{"tileId":0,"characterName":"People1","direction":6,"pattern":1,"characterIndex":7},"list":[{"code":101,"indent":0,"parameters":["People1",7,0,2]},{"code":401,"indent":0,"parameters":["\\>\\c[4]Shadycash:\\c[0]"]},{"code":401,"indent":0,"parameters":["You remember about the money?"]},{"code":401,"indent":0,"parameters":["Have you prepared 100000G?"]},{"code":102,"indent":0,"parameters":[["Yes","No"],1,0,2,0]},{"code":402,"indent":0,"parameters":[0,"Yes"]},{"code":111,"indent":1,"parameters":[7,100000,0]},{"code":250,"indent":2,"parameters":[{"name":"Shop2","volume":90,"pitch":100,"pan":0}]},{"code":101,"indent":2,"parameters":["",0,0,2]},{"code":401,"indent":2,"parameters":["You paid 100000G."]},{"code":125,"indent":2,"parameters":[1,0,100000]},{"code":101,"indent":2,"parameters":["People1",7,0,2]},{"code":401,"indent":2,"parameters":["\\>\\c[4]Shadycash:\\c[0]"]},{"code":401,"indent":2,"parameters":["Heh heh heh...Thanks for the business."]},{"code":401,"indent":2,"parameters":["Come again if you want to borrow more."]},{"code":123,"indent":2,"parameters":["A",1]},{"code":0,"indent":2,"parameters":[]},{"code":411,"indent":1,"parameters":[]},{"code":101,"indent":2,"parameters":["People1",7,0,2]},{"code":401,"indent":2,"parameters":["\\>\\c[4]Shadycash:\\c[0]"]},{"code":401,"indent":2,"parameters":["Hey hey, you don't have 100000G!\\!"]},{"code":401,"indent":2,"parameters":["No installment payments."]},{"code":0,"indent":2,"parameters":[]},{"code":412,"indent":1,"parameters":[]},{"code":0,"indent":1,"parameters":[]},{"code":402,"indent":0,"parameters":[1,"No"]},{"code":101,"indent":1,"parameters":["People1",7,0,2]},{"code":401,"indent":1,"parameters":["\\>\\c[4]Shadycash:\\c[0]"]},{"code":401,"indent":1,"parameters":["I'm trying to run a business here,"]},{"code":401,"indent":1,"parameters":["you better pay me back soon."]},{"code":0,"indent":1,"parameters":[]},{"code":404,"indent":0,"parameters":[]},{"code":0,"indent":0,"parameters":[]}],"moveFrequency":3,"moveRoute":{"list":[{"code":0,"parameters":[]}],"repeat":true,"skippable":false,"wait":false},"moveSpeed":3,"moveType":0,"priorityType":1,"stepAnime":false,"through":false,"trigger":0,"walkAnime":true}],"x":2,"y":5},{"id":6,"name":"\u30bb\u30fc\u30d6\u30dd\u30a4\u30f3\u30c8","note":"","pages":[{"conditions":{"actorId":1,"actorValid":false,"itemId":1,"itemValid":false,"selfSwitchCh":"A","selfSwitchValid":false,"switch1Id":10,"switch1Valid":false,"switch2Id":1,"switch2Valid":false,"variableId":1,"variableValid":false,"variableValue":0},"directionFix":false,"image":{"tileId":0,"characterName":"!Crystal","direction":2,"pattern":0,"characterIndex":3},"list":[{"code":250,"indent":0,"parameters":[{"name":"Flash1","volume":90,"pitch":100,"pan":0}]},{"code":314,"indent":0,"parameters":[0,0]},{"code":224,"indent":0,"parameters":[[255,255,255,170],45,true]},{"code":101,"indent":0,"parameters":["",0,0,2]},{"code":401,"indent":0,"parameters":["HP\/MP Restored."]},{"code":352,"indent":0,"parameters":[]},{"code":0,"indent":0,"parameters":[]}],"moveFrequency":3,"moveRoute":{"list":[{"code":0,"parameters":[]}],"repeat":true,"skippable":false,"wait":false},"moveSpeed":3,"moveType":0,"priorityType":1,"stepAnime":true,"through":false,"trigger":0,"walkAnime":false}],"x":2,"y":9},{"id":7,"name":"EV007","note":"","pages":[{"conditions":{"actorId":1,"actorValid":false,"itemId":1,"itemValid":false,"selfSwitchCh":"A","selfSwitchValid":false,"switch1Id":1,"switch1Valid":false,"switch2Id":1,"switch2Valid":false,"variableId":1,"variableValid":false,"variableValue":0},"directionFix":false,"image":{"characterIndex":0,"characterName":"","direction":2,"pattern":0,"tileId":0},"list":[{"code":223,"indent":0,"parameters":[[0,0,0,0],1,false]},{"code":214,"indent":0,"parameters":[]},{"code":0,"indent":0,"parameters":[]}],"moveFrequency":3,"moveRoute":{"list":[{"code":0,"parameters":[]}],"repeat":true,"skippable":false,"wait":false},"moveSpeed":3,"moveType":0,"priorityType":0,"stepAnime":false,"through":false,"trigger":3,"walkAnime":true}],"x":0,"y":0}]}