[null,{"id":1,"expanded":false,"name":"Castle Entrance","order":2,"parentId":7,"scrollX":742,"scrollY":671},{"id":2,"expanded":false,"name":"Fields","order":8,"parentId":0,"scrollX":832,"scrollY":640},{"id":3,"expanded":true,"name":"\u30cf\u30ed\u30eb\u30c9\u306e\u5bb6\uff08\u30a4\u30d9\u30f3\u30c8\u7528\uff09","order":3,"parentId":7,"scrollX":750,"scrollY":433},{"id":4,"expanded":false,"name":"\u9b54\u738b\u57ce\uff08\u30a4\u30d9\u30f3\u30c8\u7528\uff09","order":9,"parentId":0,"scrollX":750,"scrollY":433},{"id":5,"expanded":false,"name":"Forest","order":10,"parentId":0,"scrollX":1220,"scrollY":1959},{"id":6,"expanded":true,"name":"Werewulf Village","order":11,"parentId":0,"scrollX":742,"scrollY":433},{"id":7,"expanded":true,"name":"King's Castle","order":1,"parentId":0,"scrollX":742,"scrollY":433},{"id":8,"expanded":false,"name":"Village Cottage","order":14,"parentId":6,"scrollX":750,"scrollY":433},{"id":9,"expanded":false,"name":"Village Elder's House","order":12,"parentId":6,"scrollX":750,"scrollY":433},{"id":10,"expanded":false,"name":"Inn","order":15,"parentId":6,"scrollX":750,"scrollY":433},{"id":11,"expanded":false,"name":"Item Shop","order":13,"parentId":6,"scrollX":750,"scrollY":433},{"id":12,"expanded":false,"name":"Checkpoint","order":16,"parentId":0,"scrollX":742,"scrollY":433},{"id":13,"expanded":false,"name":"\uff25\uff24","order":21,"parentId":0,"scrollX":750,"scrollY":433},{"id":14,"expanded":false,"name":"\u30b2\u30fc\u30e0\u30b9\u30bf\u30fc\u30c8\u51e6\u7406","order":24,"parentId":0,"scrollX":750,"scrollY":433},{"id":15,"expanded":false,"name":"Demon Lord's Castle 2F","order":18,"parentId":16,"scrollX":768,"scrollY":735},{"id":16,"expanded":true,"name":"Demon Lord's Castle 1F","order":17,"parentId":0,"scrollX":1141,"scrollY":567},{"id":17,"expanded":false,"name":"Castle underground stairs","order":4,"parentId":7,"scrollX":742,"scrollY":443},{"id":18,"expanded":false,"name":"Castle underground corridor","order":5,"parentId":7,"scrollX":742,"scrollY":445},{"id":19,"expanded":false,"name":"Ceremony Chamber","order":7,"parentId":7,"scrollX":742,"scrollY":433},{"id":20,"expanded":false,"name":"Basement","order":6,"parentId":7,"scrollX":742,"scrollY":435},{"id":21,"expanded":false,"name":"\u68ee\uff08\uff25\uff24\u7528\uff09","order":20,"parentId":0,"scrollX":750,"scrollY":433},{"id":22,"expanded":false,"name":"\u30d5\u30ea\u30fc\u30f3\u5012\u3057\u305f\u3042\u3068","order":19,"parentId":0,"scrollX":750,"scrollY":433},{"id":23,"expanded":false,"name":"\u5834\u6240\u79fb\u52d5\u30ea\u30bb\u30c3\u30c8\u7528","order":22,"parentId":0,"scrollX":750,"scrollY":433},{"id":24,"expanded":false,"name":"Challenge Room","order":23,"parentId":0,"scrollX":750,"scrollY":433}]