[null,{"id":1,"animationId":-1,"damage":{"critical":false,"elementId":-1,"formula":"100*a.atk \/ b.def","type":1,"variance":20},"description":"","effects":[{"code":21,"dataId":0,"value1":1,"value2":0}],"hitType":1,"iconIndex":76,"message1":" attacks!","message2":"","mpCost":0,"name":"Attack","note":"\u30b9\u30ad\u30eb\uff11\u756a\u306f\uff3b\u653b\u6483\uff3d\u30b3\u30de\u30f3\u30c9\u3092\n\u9078\u629e\u3057\u305f\u3068\u304d\u306b\u4f7f\u7528\u3055\u308c\u307e\u3059\u3002","occasion":1,"repeats":1,"requiredWtypeId1":0,"requiredWtypeId2":0,"scope":1,"speed":0,"stypeId":0,"successRate":100,"tpCost":0,"tpGain":5},{"id":2,"animationId":0,"damage":{"critical":false,"elementId":0,"formula":"0","type":0,"variance":20},"description":"","effects":[{"code":21,"dataId":2,"value1":1,"value2":0}],"hitType":0,"iconIndex":81,"message1":" is bracing for an attack.","message2":"","mpCost":0,"name":"Guard","note":"\u30b9\u30ad\u30eb\uff12\u756a\u306f\uff3b\u9632\u5fa1\uff3d\u30b3\u30de\u30f3\u30c9\u3092\n\u9078\u629e\u3057\u305f\u3068\u304d\u306b\u4f7f\u7528\u3055\u308c\u307e\u3059\u3002","occasion":1,"repeats":1,"requiredWtypeId1":0,"requiredWtypeId2":0,"scope":11,"speed":2000,"stypeId":0,"successRate":100,"tpCost":0,"tpGain":5},{"id":3,"animationId":-1,"damage":{"critical":false,"elementId":-1,"formula":"100*a.atk \/ b.def","type":1,"variance":20},"description":"","effects":[{"code":21,"dataId":0,"value1":1,"value2":0}],"hitType":1,"iconIndex":76,"message1":" attacks!","message2":"","mpCost":0,"name":"Double Attack","note":"","occasion":1,"repeats":3,"requiredWtypeId1":0,"requiredWtypeId2":0,"scope":1,"speed":0,"stypeId":0,"successRate":100,"tpCost":0,"tpGain":0},{"id":4,"animationId":-1,"damage":{"critical":false,"elementId":-1,"formula":"100*a.atk \/ b.def","type":1,"variance":20},"description":"","effects":[{"code":21,"dataId":0,"value1":1,"value2":0}],"hitType":1,"iconIndex":76,"message1":" attacks!","message2":"","mpCost":0,"name":"Attack twice.","note":"","occasion":1,"repeats":1,"requiredWtypeId1":0,"requiredWtypeId2":0,"scope":4,"speed":0,"stypeId":0,"successRate":100,"tpCost":0,"tpGain":0},{"id":5,"animationId":0,"damage":{"critical":false,"elementId":0,"formula":"0","type":0,"variance":20},"description":"","effects":[],"hitType":0,"iconIndex":0,"message1":"","message2":"","mpCost":0,"name":"","note":"","occasion":0,"repeats":1,"requiredWtypeId1":0,"requiredWtypeId2":0,"scope":1,"speed":0,"stypeId":1,"successRate":100,"tpCost":0,"tpGain":0},{"id":6,"animationId":0,"damage":{"critical":false,"elementId":0,"formula":"0","type":0,"variance":20},"description":"","effects":[],"hitType":0,"iconIndex":0,"message1":"","message2":"","mpCost":0,"name":"","note":"","occasion":0,"repeats":1,"requiredWtypeId1":0,"requiredWtypeId2":0,"scope":1,"speed":0,"stypeId":1,"successRate":100,"tpCost":0,"tpGain":0},{"id":7,"animationId":97,"damage":{"critical":false,"elementId":0,"formula":"70","type":4,"variance":0},"description":"Recover 70 Mana.","effects":[],"hitType":2,"iconIndex":67,"message1":" casts %1! (20 MP)","message2":"","mpCost":20,"name":"Recover Mana","note":"","occasion":1,"repeats":1,"requiredWtypeId1":0,"requiredWtypeId2":0,"scope":11,"speed":0,"stypeId":1,"successRate":100,"tpCost":0,"tpGain":0},{"id":8,"animationId":42,"damage":{"critical":false,"elementId":0,"formula":"5 * a.mat","type":3,"variance":5},"description":"Moderately restores HP to 1 ally.","effects":[],"hitType":2,"iconIndex":84,"message1":" casts %1! (30 MP)","message2":"","mpCost":30,"name":"Super Heal","note":"","occasion":0,"repeats":1,"requiredWtypeId1":0,"requiredWtypeId2":0,"scope":7,"speed":0,"stypeId":1,"successRate":100,"tpCost":0,"tpGain":0},{"id":9,"animationId":72,"damage":{"critical":false,"elementId":3,"formula":"100 * a.mat \/ b.mdf","type":1,"variance":5},"description":"Deal a small amount of ice damage to an enemy,\nall allies receive HP regeneration for 5 turns.","effects":[{"code":44,"dataId":3,"value1":1,"value2":0}],"hitType":2,"iconIndex":7,"message1":" casts %1! (30 MP)","message2":"Allies regenerate HP for 5 turns!","mpCost":30,"name":"Cold Regeneration","note":"","occasion":1,"repeats":1,"requiredWtypeId1":0,"requiredWtypeId2":0,"scope":1,"speed":0,"stypeId":1,"successRate":100,"tpCost":0,"tpGain":0},{"id":10,"animationId":4,"damage":{"critical":false,"elementId":3,"formula":"200 * a.mat \/ b.mdf","type":1,"variance":5},"description":"Deal moderate ice damage to an enemy,\nall allies' defense increase for 5 turns.","effects":[{"code":44,"dataId":2,"value1":1,"value2":0}],"hitType":2,"iconIndex":35,"message1":" casts %1! (40 MP)","message2":"A shield of ice protects you!","mpCost":40,"name":"Cold Defense","note":"","occasion":1,"repeats":1,"requiredWtypeId1":0,"requiredWtypeId2":0,"scope":1,"speed":0,"stypeId":1,"successRate":100,"tpCost":0,"tpGain":0},{"id":11,"animationId":73,"damage":{"critical":false,"elementId":3,"formula":"100 * a.mat \/ b.mdf","type":1,"variance":20},"description":"Deal a small amount of ice damage to all enemies.","effects":[],"hitType":0,"iconIndex":78,"message1":" casts %1! (50 MP)","message2":"","mpCost":50,"name":"Ice Blast","note":"","occasion":1,"repeats":1,"requiredWtypeId1":0,"requiredWtypeId2":0,"scope":2,"speed":0,"stypeId":1,"successRate":100,"tpCost":0,"tpGain":0},{"id":12,"animationId":45,"damage":{"critical":false,"elementId":0,"formula":"3 * a.mat","type":3,"variance":20},"description":"Restore a small amount of HP to all allies.","effects":[],"hitType":0,"iconIndex":84,"message1":" casts %1! (50 MP)","message2":"","mpCost":50,"name":"Wide Recovery","note":"","occasion":0,"repeats":1,"requiredWtypeId1":0,"requiredWtypeId2":0,"scope":8,"speed":0,"stypeId":1,"successRate":100,"tpCost":0,"tpGain":0},{"id":13,"animationId":97,"damage":{"critical":false,"elementId":0,"formula":"50","type":4,"variance":0},"description":"Restore 50 MP to all allies.","effects":[],"hitType":2,"iconIndex":67,"message1":" casts %1! (50 MP)","message2":"","mpCost":50,"name":"Mana Restore","note":"","occasion":1,"repeats":1,"requiredWtypeId1":0,"requiredWtypeId2":0,"scope":8,"speed":0,"stypeId":1,"successRate":100,"tpCost":0,"tpGain":0},{"id":14,"animationId":50,"damage":{"critical":false,"elementId":6,"formula":"400 * a.mat \/ b.mdf","type":1,"variance":10},"description":"Deals big light damage to an enemy.","effects":[],"hitType":2,"iconIndex":78,"message1":" casts %1! (100 MP)","message2":"A bright light envelopes the field!","mpCost":100,"name":"Holy Lance","note":"","occasion":1,"repeats":1,"requiredWtypeId1":0,"requiredWtypeId2":0,"scope":1,"speed":0,"stypeId":1,"successRate":100,"tpCost":0,"tpGain":0},{"id":15,"animationId":51,"damage":{"critical":false,"elementId":0,"formula":"100 * a.mat \/ b.mdf","type":0,"variance":5},"description":"All allies' attack, defense, magic attack,\nmagic defense increases for 5 turns.","effects":[{"code":31,"dataId":2,"value1":5,"value2":0},{"code":31,"dataId":3,"value1":5,"value2":0},{"code":31,"dataId":4,"value1":5,"value2":0},{"code":31,"dataId":5,"value1":5,"value2":0}],"hitType":2,"iconIndex":73,"message1":" casts %1! (100 MP)","message2":"","mpCost":100,"name":"Magical Shielding","note":"","occasion":1,"repeats":1,"requiredWtypeId1":0,"requiredWtypeId2":0,"scope":8,"speed":0,"stypeId":1,"successRate":100,"tpCost":0,"tpGain":0},{"id":16,"animationId":0,"damage":{"critical":false,"elementId":0,"formula":"0","type":0,"variance":20},"description":"","effects":[],"hitType":0,"iconIndex":0,"message1":"","message2":"","mpCost":0,"name":"","note":"","occasion":0,"repeats":1,"requiredWtypeId1":0,"requiredWtypeId2":0,"scope":1,"speed":0,"stypeId":1,"successRate":100,"tpCost":0,"tpGain":0},{"id":17,"animationId":51,"damage":{"critical":false,"elementId":0,"formula":"a.mhp \/5","type":3,"variance":0},"description":"Gain 30 TP, recover a small amount of HP and MP,\nattack and defense increase for 3 turns to self.","effects":[{"code":31,"dataId":2,"value1":3,"value2":0},{"code":31,"dataId":3,"value1":3,"value2":0},{"code":12,"dataId":0,"value1":0.2,"value2":0}],"hitType":0,"iconIndex":67,"message1":" uses %1! (5 MP)","message2":"Gained 30 TP.","mpCost":5,"name":"Meditate","note":"","occasion":1,"repeats":1,"requiredWtypeId1":0,"requiredWtypeId2":0,"scope":11,"speed":0,"stypeId":1,"successRate":100,"tpCost":0,"tpGain":30},{"id":18,"animationId":5,"damage":{"critical":false,"elementId":4,"formula":"100 * a.mat \/ b.mdf","type":1,"variance":20},"description":"Deal a small amount of lightning damage to an enemy\nand reduce their defense for 3 turns.","effects":[{"code":32,"dataId":3,"value1":3,"value2":0}],"hitType":1,"iconIndex":50,"message1":" uses %1! (40 MP)","message2":"","mpCost":40,"name":"Thunder Break","note":"","occasion":1,"repeats":1,"requiredWtypeId1":0,"requiredWtypeId2":0,"scope":1,"speed":0,"stypeId":1,"successRate":100,"tpCost":0,"tpGain":0},{"id":19,"animationId":15,"damage":{"critical":false,"elementId":4,"formula":"200 * a.mat \/ b.mdf","type":1,"variance":5},"description":"Deal moderate damage to an enemy,\nincrease attack of all allies for 5 turns.","effects":[{"code":44,"dataId":1,"value1":1,"value2":0}],"hitType":2,"iconIndex":34,"message1":" casts %1! (50 MP)","message2":"A veil of lightning empowers you!","mpCost":50,"name":"Thunder Coat","note":"","occasion":1,"repeats":1,"requiredWtypeId1":0,"requiredWtypeId2":0,"scope":1,"speed":0,"stypeId":1,"successRate":100,"tpCost":0,"tpGain":0},{"id":20,"animationId":15,"damage":{"critical":false,"elementId":4,"formula":"100*a.atk \/ b.def","type":1,"variance":5},"description":"Deal a small amount of damage to all enemies.","effects":[],"hitType":1,"iconIndex":120,"message1":" uses %1!","message2":"","mpCost":0,"name":"Storm Strike","note":"","occasion":1,"repeats":1,"requiredWtypeId1":0,"requiredWtypeId2":0,"scope":2,"speed":0,"stypeId":2,"successRate":100,"tpCost":25,"tpGain":0},{"id":21,"animationId":7,"damage":{"critical":false,"elementId":4,"formula":"100*a.atk \/ b.def","type":1,"variance":5},"description":"Deal damage to an enemy and reduce their attack,\ndefense, magic attack and magic defense.","effects":[{"code":32,"dataId":2,"value1":5,"value2":0},{"code":32,"dataId":3,"value1":5,"value2":0},{"code":32,"dataId":4,"value1":5,"value2":0},{"code":32,"dataId":5,"value1":5,"value2":0}],"hitType":1,"iconIndex":120,"message1":" uses %1!","message2":"","mpCost":0,"name":"Mist Finer","note":"","occasion":1,"repeats":1,"requiredWtypeId1":0,"requiredWtypeId2":0,"scope":1,"speed":0,"stypeId":2,"successRate":100,"tpCost":30,"tpGain":0},{"id":22,"animationId":10,"damage":{"critical":false,"elementId":4,"formula":"100*a.atk \/ b.def","type":1,"variance":5},"description":"Consecutive slashes to an enemy.","effects":[],"hitType":1,"iconIndex":120,"message1":" uses %1!","message2":"","mpCost":0,"name":"Blade Dance","note":"","occasion":1,"repeats":4,"requiredWtypeId1":0,"requiredWtypeId2":0,"scope":1,"speed":0,"stypeId":2,"successRate":100,"tpCost":50,"tpGain":0},{"id":23,"animationId":40,"damage":{"critical":false,"elementId":1,"formula":"100 * a.mat \/ b.mdf","type":1,"variance":5},"description":"Deal physical attack damage to an enemy,\ngain 15 TP.","effects":[],"hitType":2,"iconIndex":71,"message1":" uses %1! (10 MP)","message2":"Gained 15 TP!","mpCost":10,"name":"Unleash Power","note":"","occasion":1,"repeats":1,"requiredWtypeId1":0,"requiredWtypeId2":0,"scope":1,"speed":0,"stypeId":1,"successRate":100,"tpCost":0,"tpGain":15},{"id":24,"animationId":8,"damage":{"critical":false,"elementId":-1,"formula":"100*a.atk \/ b.def","type":1,"variance":20},"description":"Attack an enemy twice.","effects":[{"code":21,"dataId":0,"value1":1,"value2":0}],"hitType":1,"iconIndex":76,"message1":" uses Double Strike!","message2":"","mpCost":0,"name":"Double Strike","note":"","occasion":1,"repeats":2,"requiredWtypeId1":0,"requiredWtypeId2":0,"scope":1,"speed":0,"stypeId":2,"successRate":100,"tpCost":20,"tpGain":0},{"id":25,"animationId":8,"damage":{"critical":false,"elementId":2,"formula":"100 * a.mat \/ b.mdf","type":1,"variance":20},"description":"Deal a small amount of fire damage to an enemy\nand reduce their attack for 3 turns.","effects":[{"code":32,"dataId":2,"value1":3,"value2":0}],"hitType":1,"iconIndex":50,"message1":" uses %1! (30 MP)","message2":"","mpCost":30,"name":"Fire Break","note":"","occasion":1,"repeats":1,"requiredWtypeId1":0,"requiredWtypeId2":0,"scope":1,"speed":0,"stypeId":1,"successRate":100,"tpCost":0,"tpGain":0},{"id":26,"animationId":97,"damage":{"critical":false,"elementId":9,"formula":"100 * a.mat \/ b.mdf","type":0,"variance":20},"description":"All allies focus and gain 20 TP every turn for 5 turns.","effects":[{"code":21,"dataId":16,"value1":1,"value2":0}],"hitType":2,"iconIndex":71,"message1":" casts %1! (50 MP)","message2":"","mpCost":50,"name":"Focus","note":"","occasion":1,"repeats":1,"requiredWtypeId1":0,"requiredWtypeId2":0,"scope":8,"speed":0,"stypeId":1,"successRate":100,"tpCost":0,"tpGain":0},{"id":27,"animationId":47,"damage":{"critical":false,"elementId":6,"formula":"100 * a.mat \/ b.mdf","type":1,"variance":5},"description":"Deal a small amount of light damage to all enemies,\nall allies receive MP regeneration for 3 turns.","effects":[{"code":44,"dataId":8,"value1":1,"value2":0}],"hitType":2,"iconIndex":70,"message1":" casts %1! (60 MP)","message2":"Regenerating mana for 3 turns!","mpCost":60,"name":"Magic Regeneration","note":"","occasion":1,"repeats":1,"requiredWtypeId1":0,"requiredWtypeId2":0,"scope":2,"speed":0,"stypeId":1,"successRate":100,"tpCost":0,"tpGain":0},{"id":28,"animationId":42,"damage":{"critical":false,"elementId":0,"formula":"8 * a.mat","type":3,"variance":5},"description":"Restore moderate HP to all allies and cure all effects.","effects":[{"code":22,"dataId":4,"value1":1,"value2":0},{"code":22,"dataId":5,"value1":1,"value2":0},{"code":22,"dataId":6,"value1":1,"value2":0},{"code":22,"dataId":7,"value1":1,"value2":0},{"code":22,"dataId":8,"value1":1,"value2":0},{"code":22,"dataId":10,"value1":1,"value2":0}],"hitType":2,"iconIndex":84,"message1":" casts %1! (100 MP)","message2":"","mpCost":100,"name":"Ultra Heal","note":"","occasion":0,"repeats":1,"requiredWtypeId1":0,"requiredWtypeId2":0,"scope":8,"speed":0,"stypeId":1,"successRate":100,"tpCost":0,"tpGain":0},{"id":29,"animationId":25,"damage":{"critical":false,"elementId":1,"formula":"400 * a.atk \/ b.def","type":1,"variance":5},"description":"Deal big damage to an enemy\nand reduce all their stats for 5 turns.","effects":[{"code":32,"dataId":2,"value1":5,"value2":0},{"code":32,"dataId":3,"value1":5,"value2":0},{"code":32,"dataId":4,"value1":5,"value2":0},{"code":32,"dataId":5,"value1":5,"value2":0},{"code":32,"dataId":6,"value1":5,"value2":0}],"hitType":0,"iconIndex":97,"message1":" unleashes %1!","message2":"","mpCost":0,"name":"Judgement Cut","note":"","occasion":1,"repeats":1,"requiredWtypeId1":0,"requiredWtypeId2":0,"scope":1,"speed":0,"stypeId":2,"successRate":100,"tpCost":60,"tpGain":0},{"id":30,"animationId":0,"damage":{"critical":false,"elementId":0,"formula":"0","type":0,"variance":20},"description":"","effects":[],"hitType":0,"iconIndex":0,"message1":"","message2":"","mpCost":0,"name":"","note":"","occasion":0,"repeats":1,"requiredWtypeId1":0,"requiredWtypeId2":0,"scope":1,"speed":0,"stypeId":1,"successRate":100,"tpCost":0,"tpGain":0},{"id":31,"animationId":0,"damage":{"critical":false,"elementId":0,"formula":"0","type":0,"variance":20},"description":"A last ditch effort to distract your opponent!","effects":[{"code":21,"dataId":14,"value1":1,"value2":0},{"code":44,"dataId":10,"value1":1,"value2":0}],"hitType":0,"iconIndex":6,"message1":"\"Oh! A UFO!\"","message2":"","mpCost":0,"name":"Oh! A UFO!","note":"","occasion":1,"repeats":1,"requiredWtypeId1":0,"requiredWtypeId2":0,"scope":1,"speed":2000,"stypeId":2,"successRate":100,"tpCost":0,"tpGain":0},{"id":32,"animationId":52,"damage":{"critical":false,"elementId":0,"formula":"0","type":0,"variance":20},"description":"Gain 50 TP.","effects":[{"code":13,"dataId":0,"value1":50,"value2":0}],"hitType":0,"iconIndex":71,"message1":" uses %1!","message2":"","mpCost":0,"name":"Focus","note":"","occasion":1,"repeats":1,"requiredWtypeId1":0,"requiredWtypeId2":0,"scope":11,"speed":0,"stypeId":2,"successRate":100,"tpCost":5,"tpGain":0},{"id":33,"animationId":2,"damage":{"critical":false,"elementId":1,"formula":"100*a.atk \/ b.def","type":1,"variance":5},"description":"Attack an enemy and reduce their defense.","effects":[{"code":32,"dataId":3,"value1":3,"value2":0}],"hitType":1,"iconIndex":51,"message1":" uses %1! (20 TP)","message2":"","mpCost":0,"name":"Guard Break","note":"","occasion":1,"repeats":1,"requiredWtypeId1":0,"requiredWtypeId2":0,"scope":1,"speed":0,"stypeId":2,"successRate":100,"tpCost":20,"tpGain":0},{"id":34,"animationId":52,"damage":{"critical":false,"elementId":0,"formula":"0","type":0,"variance":20},"description":"Increase attack and defense for all allies.","effects":[{"code":31,"dataId":2,"value1":5,"value2":0},{"code":31,"dataId":3,"value1":5,"value2":0}],"hitType":0,"iconIndex":73,"message1":"\"We can do this, guys!!\" (25 TP)","message2":"","mpCost":0,"name":"Encourage","note":"","occasion":1,"repeats":1,"requiredWtypeId1":0,"requiredWtypeId2":0,"scope":8,"speed":0,"stypeId":2,"successRate":100,"tpCost":25,"tpGain":5},{"id":35,"animationId":29,"damage":{"critical":false,"elementId":4,"formula":"100*a.atk \/ b.def","type":1,"variance":5},"description":"Randomly attack 4 times.","effects":[],"hitType":1,"iconIndex":78,"message1":" uses %1! (50 TP)","message2":"","mpCost":0,"name":"Spread Shot","note":"","occasion":1,"repeats":1,"requiredWtypeId1":0,"requiredWtypeId2":0,"scope":6,"speed":0,"stypeId":2,"successRate":100,"tpCost":50,"tpGain":0},{"id":36,"animationId":42,"damage":{"critical":false,"elementId":0,"formula":"b.mhp","type":3,"variance":0},"description":"Fully restore HP to 1 ally,\ncure all effects and remove all debuffs.","effects":[{"code":22,"dataId":4,"value1":1,"value2":0},{"code":22,"dataId":5,"value1":1,"value2":0},{"code":22,"dataId":6,"value1":1,"value2":0},{"code":22,"dataId":7,"value1":1,"value2":0},{"code":22,"dataId":8,"value1":1,"value2":0},{"code":22,"dataId":10,"value1":1,"value2":0},{"code":34,"dataId":2,"value1":1,"value2":0},{"code":34,"dataId":3,"value1":1,"value2":0},{"code":34,"dataId":4,"value1":1,"value2":0},{"code":34,"dataId":5,"value1":1,"value2":0},{"code":34,"dataId":6,"value1":1,"value2":0}],"hitType":2,"iconIndex":84,"message1":" casts %1! (100 MP)","message2":"","mpCost":100,"name":"Hyper Heal","note":"","occasion":0,"repeats":1,"requiredWtypeId1":0,"requiredWtypeId2":0,"scope":7,"speed":0,"stypeId":1,"successRate":100,"tpCost":0,"tpGain":0},{"id":37,"animationId":80,"damage":{"critical":false,"elementId":4,"formula":"400 * a.atk \/ b.mdf","type":1,"variance":10},"description":"Deals big lightning damage to 1 enemy,\ngain 100 TP. This skill scales with physical attack.","effects":[],"hitType":2,"iconIndex":78,"message1":" casts %1! (100 MP)","message2":"","mpCost":200,"name":"Lightning Bolt","note":"","occasion":1,"repeats":1,"requiredWtypeId1":0,"requiredWtypeId2":0,"scope":1,"speed":0,"stypeId":1,"successRate":100,"tpCost":0,"tpGain":100},{"id":38,"animationId":0,"damage":{"critical":false,"elementId":0,"formula":"0","type":0,"variance":20},"description":"","effects":[],"hitType":0,"iconIndex":0,"message1":"","message2":"","mpCost":0,"name":"","note":"","occasion":0,"repeats":1,"requiredWtypeId1":0,"requiredWtypeId2":0,"scope":1,"speed":0,"stypeId":1,"successRate":100,"tpCost":0,"tpGain":0},{"id":39,"animationId":0,"damage":{"critical":false,"elementId":0,"formula":"0","type":0,"variance":20},"description":"","effects":[],"hitType":0,"iconIndex":0,"message1":"","message2":"","mpCost":0,"name":"","note":"","occasion":0,"repeats":1,"requiredWtypeId1":0,"requiredWtypeId2":0,"scope":1,"speed":0,"stypeId":1,"successRate":100,"tpCost":0,"tpGain":0},{"id":40,"animationId":70,"damage":{"critical":false,"elementId":0,"formula":"5","type":1,"variance":0},"description":"","effects":[],"hitType":0,"iconIndex":0,"message1":" uses\n%1! (9999 MP)","message2":"","mpCost":9999,"name":"Forbidden Ancient Spell \"Fyve Da'amage\"","note":"","occasion":0,"repeats":1,"requiredWtypeId1":0,"requiredWtypeId2":0,"scope":2,"speed":0,"stypeId":1,"successRate":100,"tpCost":0,"tpGain":0},{"id":41,"animationId":-1,"damage":{"critical":false,"elementId":-1,"formula":"99999","type":1,"variance":0},"description":"","effects":[{"code":21,"dataId":0,"value1":1,"value2":0}],"hitType":1,"iconIndex":76,"message1":" attacks!","message2":"","mpCost":0,"name":"Ovapowa'ard attacks","note":"","occasion":1,"repeats":1,"requiredWtypeId1":0,"requiredWtypeId2":0,"scope":1,"speed":0,"stypeId":0,"successRate":100,"tpCost":0,"tpGain":0},{"id":42,"animationId":97,"damage":{"critical":false,"elementId":0,"formula":"0","type":0,"variance":20},"description":"","effects":[{"code":21,"dataId":19,"value1":1,"value2":0}],"hitType":0,"iconIndex":0,"message1":" casts %1! (50 MP)","message2":"All attacks nullified this turn!","mpCost":50,"name":"Perfect Guard","note":"","occasion":0,"repeats":1,"requiredWtypeId1":0,"requiredWtypeId2":0,"scope":11,"speed":2000,"stypeId":1,"successRate":100,"tpCost":0,"tpGain":0},{"id":43,"animationId":2,"damage":{"critical":false,"elementId":1,"formula":"100*a.atk \/ b.def","type":1,"variance":5},"description":"","effects":[{"code":32,"dataId":3,"value1":3,"value2":0}],"hitType":1,"iconIndex":0,"message1":" uses %1! (50 MP)","message2":"","mpCost":50,"name":"Guard Break","note":"","occasion":0,"repeats":1,"requiredWtypeId1":0,"requiredWtypeId2":0,"scope":1,"speed":0,"stypeId":1,"successRate":100,"tpCost":0,"tpGain":0},{"id":44,"animationId":93,"damage":{"critical":false,"elementId":1,"formula":"100*a.atk \/ b.def","type":1,"variance":5},"description":"","effects":[],"hitType":1,"iconIndex":0,"message1":" uses %1! (50 MP)","message2":"","mpCost":50,"name":"Air Slash","note":"","occasion":0,"repeats":1,"requiredWtypeId1":0,"requiredWtypeId2":0,"scope":2,"speed":0,"stypeId":1,"successRate":100,"tpCost":0,"tpGain":0},{"id":45,"animationId":0,"damage":{"critical":false,"elementId":0,"formula":"0","type":0,"variance":20},"description":"","effects":[],"hitType":0,"iconIndex":0,"message1":"","message2":"","mpCost":0,"name":"","note":"","occasion":0,"repeats":1,"requiredWtypeId1":0,"requiredWtypeId2":0,"scope":1,"speed":0,"stypeId":1,"successRate":100,"tpCost":0,"tpGain":0},{"id":46,"animationId":15,"damage":{"critical":false,"elementId":4,"formula":"b.mhp * 9\/10","type":1,"variance":5},"description":"Deal a small amount of damage to all enemies.","effects":[],"hitType":1,"iconIndex":120,"message1":" uses Storm Strike!","message2":"","mpCost":0,"name":"Storm Strike (Initial)","note":"","occasion":1,"repeats":1,"requiredWtypeId1":0,"requiredWtypeId2":0,"scope":2,"speed":0,"stypeId":2,"successRate":100,"tpCost":25,"tpGain":0},{"id":47,"animationId":15,"damage":{"critical":false,"elementId":4,"formula":"170*a.atk \/ b.def","type":1,"variance":5},"description":"Deal a small amount of damage to all enemies.","effects":[],"hitType":1,"iconIndex":120,"message1":" uses %1!","message2":"","mpCost":0,"name":"Storm Strike","note":"","occasion":1,"repeats":1,"requiredWtypeId1":0,"requiredWtypeId2":0,"scope":2,"speed":0,"stypeId":2,"successRate":100,"tpCost":25,"tpGain":0},{"id":48,"animationId":10,"damage":{"critical":false,"elementId":4,"formula":"100*a.atk \/ b.def","type":1,"variance":5},"description":"Consecutive slashes to an enemy.","effects":[],"hitType":1,"iconIndex":120,"message1":" uses %1!","message2":"","mpCost":0,"name":"Blade Dance","note":"","occasion":1,"repeats":4,"requiredWtypeId1":0,"requiredWtypeId2":0,"scope":1,"speed":0,"stypeId":2,"successRate":100,"tpCost":20,"tpGain":0},{"id":49,"animationId":0,"damage":{"critical":false,"elementId":0,"formula":"0","type":0,"variance":20},"description":"","effects":[],"hitType":0,"iconIndex":0,"message1":"","message2":"","mpCost":0,"name":"","note":"","occasion":0,"repeats":1,"requiredWtypeId1":0,"requiredWtypeId2":0,"scope":1,"speed":0,"stypeId":1,"successRate":100,"tpCost":0,"tpGain":0},{"id":50,"animationId":65,"damage":{"critical":false,"elementId":0,"formula":"b.hp - 1","type":1,"variance":0},"description":"","effects":[],"hitType":2,"iconIndex":0,"message1":" casts\n%1! (500 MP)","message2":"","mpCost":500,"name":"Ultimate Spell \"Barelydus Notkill\"","note":"","occasion":0,"repeats":1,"requiredWtypeId1":0,"requiredWtypeId2":0,"scope":2,"speed":0,"stypeId":1,"successRate":100,"tpCost":0,"tpGain":0},{"id":51,"animationId":59,"damage":{"critical":false,"elementId":9,"formula":"100 * a.mat \/ b.mdf","type":1,"variance":5},"description":"Deal dark damage to an enemy and poison them.","effects":[{"code":21,"dataId":4,"value1":1,"value2":0}],"hitType":2,"iconIndex":2,"message1":" casts %1! (50 MP)","message2":"","mpCost":50,"name":"Poison","note":"","occasion":0,"repeats":1,"requiredWtypeId1":0,"requiredWtypeId2":0,"scope":1,"speed":0,"stypeId":1,"successRate":100,"tpCost":0,"tpGain":0},{"id":52,"animationId":104,"damage":{"critical":false,"elementId":0,"formula":"b.hp\/2","type":1,"variance":0},"description":"","effects":[],"hitType":2,"iconIndex":0,"message1":" casts %1! (50 MP)","message2":"Lost 50% HP from the heavy gravity!","mpCost":50,"name":"Gravity","note":"","occasion":0,"repeats":1,"requiredWtypeId1":0,"requiredWtypeId2":0,"scope":2,"speed":0,"stypeId":1,"successRate":100,"tpCost":0,"tpGain":0},{"id":53,"animationId":61,"damage":{"critical":false,"elementId":0,"formula":"100 * a.mat \/ b.mdf","type":1,"variance":5},"description":"","effects":[{"code":21,"dataId":6,"value1":1,"value2":0}],"hitType":2,"iconIndex":0,"message1":" casts %1! (40 MP)","message2":"","mpCost":40,"name":"Silence","note":"","occasion":0,"repeats":1,"requiredWtypeId1":0,"requiredWtypeId2":0,"scope":1,"speed":0,"stypeId":1,"successRate":100,"tpCost":0,"tpGain":0},{"id":54,"animationId":96,"damage":{"critical":false,"elementId":0,"formula":"a.mmp \/ 2","type":4,"variance":0},"description":"Recover 50% MP to self","effects":[],"hitType":2,"iconIndex":67,"message1":" casts %1! (100 MP)","message2":"","mpCost":100,"name":"Inner Power","note":"","occasion":0,"repeats":1,"requiredWtypeId1":0,"requiredWtypeId2":0,"scope":11,"speed":0,"stypeId":1,"successRate":100,"tpCost":0,"tpGain":0},{"id":55,"animationId":0,"damage":{"critical":false,"elementId":0,"formula":"0","type":0,"variance":20},"description":"","effects":[],"hitType":0,"iconIndex":0,"message1":"","message2":"","mpCost":0,"name":"","note":"","occasion":0,"repeats":1,"requiredWtypeId1":0,"requiredWtypeId2":0,"scope":1,"speed":0,"stypeId":1,"successRate":100,"tpCost":0,"tpGain":0},{"id":56,"animationId":0,"damage":{"critical":false,"elementId":0,"formula":"0","type":0,"variance":20},"description":"","effects":[],"hitType":0,"iconIndex":0,"message1":"","message2":"","mpCost":0,"name":"","note":"","occasion":0,"repeats":1,"requiredWtypeId1":0,"requiredWtypeId2":0,"scope":1,"speed":0,"stypeId":1,"successRate":100,"tpCost":0,"tpGain":0},{"id":57,"animationId":105,"damage":{"critical":false,"elementId":0,"formula":"b.hp*2","type":1,"variance":5},"description":"","effects":[],"hitType":2,"iconIndex":0,"message1":" casts\n%1! (500 MP)","message2":"","mpCost":500,"name":"Ultimate Spell \"Gitfawkd\"","note":"","occasion":0,"repeats":1,"requiredWtypeId1":0,"requiredWtypeId2":0,"scope":2,"speed":0,"stypeId":1,"successRate":100,"tpCost":0,"tpGain":0},{"id":58,"animationId":105,"damage":{"critical":false,"elementId":0,"formula":"400 * a.mat \/ b.mdf","type":1,"variance":0},"description":"","effects":[],"hitType":2,"iconIndex":0,"message1":" casts\n%1! (500 MP)","message2":"","mpCost":500,"name":"Ultimate Spell \"Gitfawkd\"","note":"","occasion":0,"repeats":1,"requiredWtypeId1":0,"requiredWtypeId2":0,"scope":2,"speed":0,"stypeId":1,"successRate":100,"tpCost":0,"tpGain":0},{"id":59,"animationId":59,"damage":{"critical":false,"elementId":5,"formula":"200 * a.mat \/ b.mdf","type":1,"variance":5},"description":"Deal dark damage to an enemy and poison them.","effects":[{"code":21,"dataId":4,"value1":1,"value2":0}],"hitType":2,"iconIndex":2,"message1":" casts %1! (50 MP)","message2":"","mpCost":100,"name":"Dark Poison","note":"","occasion":0,"repeats":1,"requiredWtypeId1":0,"requiredWtypeId2":0,"scope":2,"speed":0,"stypeId":1,"successRate":100,"tpCost":0,"tpGain":0},{"id":60,"animationId":58,"damage":{"critical":false,"elementId":5,"formula":"200 * a.mat \/ b.mdf","type":5,"variance":0},"description":"","effects":[],"hitType":2,"iconIndex":0,"message1":" casts %1! (100 MP)","message2":"","mpCost":100,"name":"Dark Drain","note":"","occasion":0,"repeats":1,"requiredWtypeId1":0,"requiredWtypeId2":0,"scope":2,"speed":0,"stypeId":1,"successRate":100,"tpCost":0,"tpGain":0},{"id":61,"animationId":44,"damage":{"critical":false,"elementId":0,"formula":"100 * a.mat \/ b.mdf","type":0,"variance":5},"description":"","effects":[{"code":31,"dataId":4,"value1":5,"value2":0},{"code":31,"dataId":4,"value1":5,"value2":0},{"code":31,"dataId":4,"value1":5,"value2":0},{"code":31,"dataId":4,"value1":5,"value2":0},{"code":31,"dataId":5,"value1":5,"value2":0},{"code":31,"dataId":5,"value1":5,"value2":0},{"code":31,"dataId":5,"value1":5,"value2":0},{"code":31,"dataId":5,"value1":5,"value2":0}],"hitType":2,"iconIndex":0,"message1":" casts %1! (40 MP)","message2":"","mpCost":40,"name":"Royal Armor","note":"","occasion":0,"repeats":1,"requiredWtypeId1":0,"requiredWtypeId2":0,"scope":11,"speed":0,"stypeId":1,"successRate":100,"tpCost":0,"tpGain":0},{"id":62,"animationId":10,"damage":{"critical":false,"elementId":0,"formula":"b.hp - 1","type":1,"variance":0},"description":"","effects":[],"hitType":2,"iconIndex":0,"message1":" unleashes %1!","message2":"","mpCost":0,"name":"Royal Strike","note":"","occasion":0,"repeats":1,"requiredWtypeId1":0,"requiredWtypeId2":0,"scope":1,"speed":0,"stypeId":2,"successRate":100,"tpCost":0,"tpGain":0},{"id":63,"animationId":0,"damage":{"critical":false,"elementId":0,"formula":"0","type":0,"variance":20},"description":"","effects":[],"hitType":0,"iconIndex":0,"message1":"","message2":"","mpCost":0,"name":"","note":"","occasion":0,"repeats":1,"requiredWtypeId1":0,"requiredWtypeId2":0,"scope":1,"speed":0,"stypeId":1,"successRate":100,"tpCost":0,"tpGain":0},{"id":64,"animationId":56,"damage":{"critical":false,"elementId":0,"formula":"0","type":0,"variance":20},"description":"","effects":[{"code":21,"dataId":18,"value1":1,"value2":0}],"hitType":0,"iconIndex":17,"message1":" casts %1! (100 MP)","message2":"","mpCost":100,"name":"Marked for Death","note":"","occasion":0,"repeats":1,"requiredWtypeId1":0,"requiredWtypeId2":0,"scope":1,"speed":-2000,"stypeId":1,"successRate":100,"tpCost":0,"tpGain":0},{"id":65,"animationId":99,"damage":{"critical":false,"elementId":0,"formula":"100 * a.mat \/ b.mdf","type":0,"variance":5},"description":"","effects":[{"code":31,"dataId":2,"value1":2,"value2":0},{"code":31,"dataId":2,"value1":2,"value2":0},{"code":31,"dataId":3,"value1":2,"value2":0},{"code":31,"dataId":3,"value1":2,"value2":0},{"code":31,"dataId":4,"value1":2,"value2":0},{"code":31,"dataId":4,"value1":2,"value2":0},{"code":31,"dataId":5,"value1":2,"value2":0},{"code":31,"dataId":5,"value1":2,"value2":0},{"code":31,"dataId":6,"value1":2,"value2":0},{"code":31,"dataId":6,"value1":2,"value2":0}],"hitType":2,"iconIndex":0,"message1":" casts %1! (100 MP)","message2":"","mpCost":100,"name":"Godly Armor","note":"","occasion":0,"repeats":1,"requiredWtypeId1":0,"requiredWtypeId2":0,"scope":11,"speed":0,"stypeId":1,"successRate":100,"tpCost":0,"tpGain":0},{"id":66,"animationId":119,"damage":{"critical":false,"elementId":0,"formula":"0","type":0,"variance":20},"description":"","effects":[{"code":44,"dataId":12,"value1":1,"value2":0},{"code":13,"dataId":0,"value1":100,"value2":0}],"hitType":0,"iconIndex":0,"message1":" began casting %1!","message2":"","mpCost":0,"name":"Ultimate Spell \"Killtwo\"","note":"","occasion":0,"repeats":1,"requiredWtypeId1":0,"requiredWtypeId2":0,"scope":11,"speed":0,"stypeId":1,"successRate":100,"tpCost":0,"tpGain":0},{"id":67,"animationId":65,"damage":{"critical":false,"elementId":0,"formula":"0","type":0,"variance":20},"description":"","effects":[{"code":21,"dataId":1,"value1":1,"value2":0},{"code":44,"dataId":13,"value1":1,"value2":0}],"hitType":0,"iconIndex":0,"message1":" casts\n%1! (1000 MP)","message2":"","mpCost":1000,"name":"Ultimate Spell \"Killtwo\"","note":"","occasion":0,"repeats":1,"requiredWtypeId1":0,"requiredWtypeId2":0,"scope":4,"speed":0,"stypeId":1,"successRate":100,"tpCost":0,"tpGain":0},{"id":68,"animationId":-1,"damage":{"critical":false,"elementId":-1,"formula":"100*a.atk \/ b.def","type":1,"variance":20},"description":"","effects":[{"code":21,"dataId":0,"value1":1,"value2":0}],"hitType":1,"iconIndex":76,"message1":" attacks!","message2":"","mpCost":0,"name":"Attack","note":"","occasion":1,"repeats":2,"requiredWtypeId1":0,"requiredWtypeId2":0,"scope":6,"speed":0,"stypeId":0,"successRate":100,"tpCost":0,"tpGain":5},{"id":69,"animationId":0,"damage":{"critical":false,"elementId":0,"formula":"0","type":0,"variance":20},"description":"","effects":[],"hitType":0,"iconIndex":0,"message1":"","message2":"","mpCost":0,"name":"","note":"","occasion":0,"repeats":1,"requiredWtypeId1":0,"requiredWtypeId2":0,"scope":1,"speed":0,"stypeId":1,"successRate":100,"tpCost":0,"tpGain":0},{"id":70,"animationId":0,"damage":{"critical":false,"elementId":0,"formula":"0","type":0,"variance":20},"description":"","effects":[],"hitType":0,"iconIndex":0,"message1":"","message2":"","mpCost":0,"name":"","note":"","occasion":0,"repeats":1,"requiredWtypeId1":0,"requiredWtypeId2":0,"scope":1,"speed":0,"stypeId":1,"successRate":100,"tpCost":0,"tpGain":0},{"id":71,"animationId":0,"damage":{"critical":false,"elementId":0,"formula":"0","type":0,"variance":20},"description":"","effects":[],"hitType":0,"iconIndex":0,"message1":"","message2":"","mpCost":0,"name":"","note":"","occasion":0,"repeats":1,"requiredWtypeId1":0,"requiredWtypeId2":0,"scope":1,"speed":0,"stypeId":1,"successRate":100,"tpCost":0,"tpGain":0},{"id":72,"animationId":0,"damage":{"critical":false,"elementId":0,"formula":"0","type":0,"variance":20},"description":"","effects":[],"hitType":0,"iconIndex":0,"message1":"","message2":"","mpCost":0,"name":"","note":"","occasion":0,"repeats":1,"requiredWtypeId1":0,"requiredWtypeId2":0,"scope":1,"speed":0,"stypeId":1,"successRate":100,"tpCost":0,"tpGain":0},{"id":73,"animationId":0,"damage":{"critical":false,"elementId":0,"formula":"0","type":0,"variance":20},"description":"","effects":[],"hitType":0,"iconIndex":0,"message1":"","message2":"","mpCost":0,"name":"","note":"","occasion":0,"repeats":1,"requiredWtypeId1":0,"requiredWtypeId2":0,"scope":1,"speed":0,"stypeId":1,"successRate":100,"tpCost":0,"tpGain":0},{"id":74,"animationId":0,"damage":{"critical":false,"elementId":0,"formula":"0","type":0,"variance":20},"description":"","effects":[],"hitType":0,"iconIndex":0,"message1":"","message2":"","mpCost":0,"name":"","note":"","occasion":0,"repeats":1,"requiredWtypeId1":0,"requiredWtypeId2":0,"scope":1,"speed":0,"stypeId":1,"successRate":100,"tpCost":0,"tpGain":0},{"id":75,"animationId":0,"damage":{"critical":false,"elementId":0,"formula":"0","type":0,"variance":20},"description":"","effects":[],"hitType":0,"iconIndex":0,"message1":"","message2":"","mpCost":0,"name":"","note":"","occasion":0,"repeats":1,"requiredWtypeId1":0,"requiredWtypeId2":0,"scope":1,"speed":0,"stypeId":1,"successRate":100,"tpCost":0,"tpGain":0},{"id":76,"animationId":0,"damage":{"critical":false,"elementId":0,"formula":"0","type":0,"variance":20},"description":"","effects":[],"hitType":0,"iconIndex":0,"message1":"","message2":"","mpCost":0,"name":"","note":"","occasion":0,"repeats":1,"requiredWtypeId1":0,"requiredWtypeId2":0,"scope":1,"speed":0,"stypeId":1,"successRate":100,"tpCost":0,"tpGain":0},{"id":77,"animationId":0,"damage":{"critical":false,"elementId":0,"formula":"0","type":0,"variance":20},"description":"","effects":[],"hitType":0,"iconIndex":0,"message1":"","message2":"","mpCost":0,"name":"","note":"","occasion":0,"repeats":1,"requiredWtypeId1":0,"requiredWtypeId2":0,"scope":1,"speed":0,"stypeId":1,"successRate":100,"tpCost":0,"tpGain":0},{"id":78,"animationId":0,"damage":{"critical":false,"elementId":0,"formula":"0","type":0,"variance":20},"description":"","effects":[],"hitType":0,"iconIndex":0,"message1":"","message2":"","mpCost":0,"name":"","note":"","occasion":0,"repeats":1,"requiredWtypeId1":0,"requiredWtypeId2":0,"scope":1,"speed":0,"stypeId":1,"successRate":100,"tpCost":0,"tpGain":0},{"id":79,"animationId":0,"damage":{"critical":false,"elementId":0,"formula":"0","type":0,"variance":20},"description":"","effects":[],"hitType":0,"iconIndex":0,"message1":"","message2":"","mpCost":0,"name":"","note":"","occasion":0,"repeats":1,"requiredWtypeId1":0,"requiredWtypeId2":0,"scope":1,"speed":0,"stypeId":1,"successRate":100,"tpCost":0,"tpGain":0},{"id":80,"animationId":0,"damage":{"critical":false,"elementId":0,"formula":"0","type":0,"variance":20},"description":"","effects":[],"hitType":0,"iconIndex":0,"message1":"","message2":"","mpCost":0,"name":"","note":"","occasion":0,"repeats":1,"requiredWtypeId1":0,"requiredWtypeId2":0,"scope":1,"speed":0,"stypeId":1,"successRate":100,"tpCost":0,"tpGain":0},{"id":81,"animationId":0,"damage":{"critical":false,"elementId":0,"formula":"0","type":0,"variance":20},"description":"","effects":[],"hitType":0,"iconIndex":0,"message1":"","message2":"","mpCost":0,"name":"","note":"","occasion":0,"repeats":1,"requiredWtypeId1":0,"requiredWtypeId2":0,"scope":1,"speed":0,"stypeId":1,"successRate":100,"tpCost":0,"tpGain":0},{"id":82,"animationId":0,"damage":{"critical":false,"elementId":0,"formula":"0","type":0,"variance":20},"description":"","effects":[],"hitType":0,"iconIndex":0,"message1":"","message2":"","mpCost":0,"name":"","note":"","occasion":0,"repeats":1,"requiredWtypeId1":0,"requiredWtypeId2":0,"scope":1,"speed":0,"stypeId":1,"successRate":100,"tpCost":0,"tpGain":0},{"id":83,"animationId":0,"damage":{"critical":false,"elementId":0,"formula":"0","type":0,"variance":20},"description":"","effects":[],"hitType":0,"iconIndex":0,"message1":"","message2":"","mpCost":0,"name":"","note":"","occasion":0,"repeats":1,"requiredWtypeId1":0,"requiredWtypeId2":0,"scope":1,"speed":0,"stypeId":1,"successRate":100,"tpCost":0,"tpGain":0},{"id":84,"animationId":0,"damage":{"critical":false,"elementId":0,"formula":"0","type":0,"variance":20},"description":"","effects":[],"hitType":0,"iconIndex":0,"message1":"","message2":"","mpCost":0,"name":"","note":"","occasion":0,"repeats":1,"requiredWtypeId1":0,"requiredWtypeId2":0,"scope":1,"speed":0,"stypeId":1,"successRate":100,"tpCost":0,"tpGain":0},{"id":85,"animationId":0,"damage":{"critical":false,"elementId":0,"formula":"0","type":0,"variance":20},"description":"","effects":[],"hitType":0,"iconIndex":0,"message1":"","message2":"","mpCost":0,"name":"","note":"","occasion":0,"repeats":1,"requiredWtypeId1":0,"requiredWtypeId2":0,"scope":1,"speed":0,"stypeId":1,"successRate":100,"tpCost":0,"tpGain":0},{"id":86,"animationId":0,"damage":{"critical":false,"elementId":0,"formula":"0","type":0,"variance":20},"description":"","effects":[],"hitType":0,"iconIndex":0,"message1":"","message2":"","mpCost":0,"name":"","note":"","occasion":0,"repeats":1,"requiredWtypeId1":0,"requiredWtypeId2":0,"scope":1,"speed":0,"stypeId":1,"successRate":100,"tpCost":0,"tpGain":0},{"id":87,"animationId":0,"damage":{"critical":false,"elementId":0,"formula":"0","type":0,"variance":20},"description":"","effects":[],"hitType":0,"iconIndex":0,"message1":"","message2":"","mpCost":0,"name":"","note":"","occasion":0,"repeats":1,"requiredWtypeId1":0,"requiredWtypeId2":0,"scope":1,"speed":0,"stypeId":1,"successRate":100,"tpCost":0,"tpGain":0},{"id":88,"animationId":0,"damage":{"critical":false,"elementId":0,"formula":"0","type":0,"variance":20},"description":"","effects":[],"hitType":0,"iconIndex":0,"message1":"","message2":"","mpCost":0,"name":"","note":"","occasion":0,"repeats":1,"requiredWtypeId1":0,"requiredWtypeId2":0,"scope":1,"speed":0,"stypeId":1,"successRate":100,"tpCost":0,"tpGain":0},{"id":89,"animationId":0,"damage":{"critical":false,"elementId":0,"formula":"0","type":0,"variance":20},"description":"","effects":[],"hitType":0,"iconIndex":0,"message1":"","message2":"","mpCost":0,"name":"","note":"","occasion":0,"repeats":1,"requiredWtypeId1":0,"requiredWtypeId2":0,"scope":1,"speed":0,"stypeId":1,"successRate":100,"tpCost":0,"tpGain":0},{"id":90,"animationId":0,"damage":{"critical":false,"elementId":0,"formula":"0","type":0,"variance":20},"description":"","effects":[],"hitType":0,"iconIndex":0,"message1":"","message2":"","mpCost":0,"name":"","note":"","occasion":0,"repeats":1,"requiredWtypeId1":0,"requiredWtypeId2":0,"scope":1,"speed":0,"stypeId":1,"successRate":100,"tpCost":0,"tpGain":0},{"id":91,"animationId":0,"damage":{"critical":false,"elementId":0,"formula":"0","type":0,"variance":20},"description":"","effects":[],"hitType":0,"iconIndex":0,"message1":"","message2":"","mpCost":0,"name":"","note":"","occasion":0,"repeats":1,"requiredWtypeId1":0,"requiredWtypeId2":0,"scope":1,"speed":0,"stypeId":1,"successRate":100,"tpCost":0,"tpGain":0},{"id":92,"animationId":0,"damage":{"critical":false,"elementId":0,"formula":"0","type":0,"variance":20},"description":"","effects":[],"hitType":0,"iconIndex":0,"message1":"","message2":"","mpCost":0,"name":"","note":"","occasion":0,"repeats":1,"requiredWtypeId1":0,"requiredWtypeId2":0,"scope":1,"speed":0,"stypeId":1,"successRate":100,"tpCost":0,"tpGain":0},{"id":93,"animationId":0,"damage":{"critical":false,"elementId":0,"formula":"0","type":0,"variance":20},"description":"","effects":[],"hitType":0,"iconIndex":0,"message1":"","message2":"","mpCost":0,"name":"","note":"","occasion":0,"repeats":1,"requiredWtypeId1":0,"requiredWtypeId2":0,"scope":1,"speed":0,"stypeId":1,"successRate":100,"tpCost":0,"tpGain":0},{"id":94,"animationId":0,"damage":{"critical":false,"elementId":0,"formula":"0","type":0,"variance":20},"description":"","effects":[],"hitType":0,"iconIndex":0,"message1":"","message2":"","mpCost":0,"name":"","note":"","occasion":0,"repeats":1,"requiredWtypeId1":0,"requiredWtypeId2":0,"scope":1,"speed":0,"stypeId":1,"successRate":100,"tpCost":0,"tpGain":0},{"id":95,"animationId":0,"damage":{"critical":false,"elementId":0,"formula":"0","type":0,"variance":20},"description":"","effects":[],"hitType":0,"iconIndex":0,"message1":"","message2":"","mpCost":0,"name":"","note":"","occasion":0,"repeats":1,"requiredWtypeId1":0,"requiredWtypeId2":0,"scope":1,"speed":0,"stypeId":1,"successRate":100,"tpCost":0,"tpGain":0},{"id":96,"animationId":0,"damage":{"critical":false,"elementId":0,"formula":"0","type":0,"variance":20},"description":"","effects":[],"hitType":0,"iconIndex":0,"message1":"","message2":"","mpCost":0,"name":"","note":"","occasion":0,"repeats":1,"requiredWtypeId1":0,"requiredWtypeId2":0,"scope":1,"speed":0,"stypeId":1,"successRate":100,"tpCost":0,"tpGain":0},{"id":97,"animationId":0,"damage":{"critical":false,"elementId":0,"formula":"0","type":0,"variance":20},"description":"","effects":[],"hitType":0,"iconIndex":0,"message1":"","message2":"","mpCost":0,"name":"","note":"","occasion":0,"repeats":1,"requiredWtypeId1":0,"requiredWtypeId2":0,"scope":1,"speed":0,"stypeId":1,"successRate":100,"tpCost":0,"tpGain":0},{"id":98,"animationId":0,"damage":{"critical":false,"elementId":0,"formula":"0","type":0,"variance":20},"description":"","effects":[],"hitType":0,"iconIndex":0,"message1":"","message2":"","mpCost":0,"name":"","note":"","occasion":0,"repeats":1,"requiredWtypeId1":0,"requiredWtypeId2":0,"scope":1,"speed":0,"stypeId":1,"successRate":100,"tpCost":0,"tpGain":0},{"id":99,"animationId":0,"damage":{"critical":false,"elementId":0,"formula":"0","type":0,"variance":20},"description":"","effects":[],"hitType":0,"iconIndex":0,"message1":"","message2":"","mpCost":0,"name":"","note":"","occasion":0,"repeats":1,"requiredWtypeId1":0,"requiredWtypeId2":0,"scope":1,"speed":0,"stypeId":1,"successRate":100,"tpCost":0,"tpGain":0},{"id":100,"animationId":0,"damage":{"critical":false,"elementId":0,"formula":"0","type":0,"variance":20},"description":"","effects":[],"hitType":0,"iconIndex":0,"message1":"","message2":"","mpCost":0,"name":"","note":"","occasion":0,"repeats":1,"requiredWtypeId1":0,"requiredWtypeId2":0,"scope":1,"speed":0,"stypeId":1,"successRate":100,"tpCost":0,"tpGain":0}]