[null,{"id":1,"autoRemovalTiming":0,"chanceByDamage":100,"iconIndex":0,"maxTurns":1,"message1":" has fallen!","message2":" has been defeated!","message3":"","message4":"","minTurns":1,"motion":3,"name":"Fallen","note":"\u30b9\u30c6\u30fc\u30c8\uff11\u756a\u306f\uff28\uff30\u304c\uff10\u306b\u306a\u3063\u305f\u3068\u304d\u306b\n\u81ea\u52d5\u7684\u306b\u4ed8\u52a0\u3055\u308c\u307e\u3059\u3002","overlay":0,"priority":100,"releaseByDamage":false,"removeAtBattleEnd":true,"removeByDamage":false,"removeByRestriction":false,"removeByWalking":false,"restriction":4,"stepsToRemove":100,"traits":[{"code":23,"dataId":9,"value":0}]},{"id":2,"autoRemovalTiming":2,"chanceByDamage":100,"description":"","iconIndex":0,"maxTurns":1,"message1":"","message2":"","message3":"","message4":"","minTurns":1,"motion":0,"name":"Guard","note":"","overlay":0,"priority":0,"removeAtBattleEnd":true,"removeByDamage":false,"removeByRestriction":true,"removeByWalking":false,"restriction":0,"stepsToRemove":100,"traits":[{"code":62,"dataId":1,"value":0}]},{"id":3,"autoRemovalTiming":0,"chanceByDamage":100,"description":"","iconIndex":0,"maxTurns":1,"message1":"","message2":"","message3":"","message4":"","minTurns":1,"motion":0,"name":"Invincible","note":"","overlay":0,"priority":0,"removeAtBattleEnd":true,"removeByDamage":false,"removeByRestriction":false,"removeByWalking":false,"restriction":0,"stepsToRemove":100,"traits":[{"code":14,"dataId":1,"value":0}]},{"id":4,"autoRemovalTiming":1,"chanceByDamage":100,"iconIndex":2,"maxTurns":3,"message1":"","message2":"","message3":"","message4":"","minTurns":3,"motion":1,"overlay":1,"name":"Poison","note":"","priority":50,"releaseByDamage":false,"removeAtBattleEnd":true,"removeByDamage":false,"removeByRestriction":false,"removeByWalking":false,"restriction":0,"stepsToRemove":100,"traits":[{"code":22,"dataId":7,"value":-0.12}]},{"id":5,"autoRemovalTiming":1,"chanceByDamage":100,"iconIndex":3,"maxTurns":3,"message1":" has been blinded!\nAccuracy for physical attacks halved!","message2":" has been blinded!\nAccuracy for physical attacks halved!","message3":"","message4":"'s blindness cleared!","minTurns":3,"motion":1,"name":"Blinded","note":"","overlay":2,"priority":60,"releaseByDamage":false,"removeAtBattleEnd":true,"removeByDamage":false,"removeByRestriction":false,"removeByWalking":false,"restriction":0,"stepsToRemove":100,"traits":[{"code":22,"dataId":0,"value":-0.5}]},{"id":6,"autoRemovalTiming":1,"chanceByDamage":100,"iconIndex":4,"maxTurns":1,"message1":" is silenced! They cannot cast spells!","message2":" has been silenced! They cannot cast spells!","message3":"","message4":"'s silence has been lifted!","minTurns":1,"motion":1,"name":"Silenced","note":"","overlay":3,"priority":65,"releaseByDamage":false,"removeAtBattleEnd":true,"removeByDamage":false,"removeByRestriction":false,"removeByWalking":false,"restriction":0,"stepsToRemove":100,"traits":[{"code":42,"dataId":1,"value":0}]},{"id":7,"autoRemovalTiming":1,"chanceByDamage":50,"iconIndex":5,"maxTurns":2,"message1":" is enraged!\nThey're going all in on the enemy!","message2":" has been enraged!","message3":"","message4":" has come to their senses!","minTurns":2,"motion":1,"name":"Enraged","note":"","overlay":4,"priority":70,"releaseByDamage":false,"removeAtBattleEnd":true,"removeByDamage":false,"removeByRestriction":false,"removeByWalking":false,"restriction":1,"stepsToRemove":100,"traits":[]},{"id":8,"autoRemovalTiming":1,"chanceByDamage":100,"iconIndex":6,"maxTurns":2,"message1":" is confused!\nThey're acting on their own!","message2":" has been confused!","message3":"","message4":" has come to their senses!","minTurns":1,"motion":1,"name":"Confused","note":"","overlay":5,"priority":75,"releaseByDamage":false,"removeAtBattleEnd":true,"removeByDamage":true,"removeByRestriction":false,"removeByWalking":false,"restriction":2,"stepsToRemove":100,"traits":[]},{"id":9,"autoRemovalTiming":2,"chanceByDamage":50,"iconIndex":7,"maxTurns":5,"message1":"","message2":"","message3":"","message4":"","minTurns":5,"motion":1,"name":"Regenerate","note":"","overlay":6,"priority":80,"releaseByDamage":false,"removeAtBattleEnd":true,"removeByDamage":false,"removeByRestriction":false,"removeByWalking":false,"restriction":0,"stepsToRemove":100,"traits":[{"code":22,"dataId":7,"value":0.1}]},{"id":10,"autoRemovalTiming":1,"chanceByDamage":100,"iconIndex":8,"maxTurns":1,"message1":" has fallen asleep!","message2":" has fallen asleep!","message3":" is sleeping.","message4":" has woken up!","minTurns":1,"motion":2,"name":"Sleep","note":"","overlay":7,"priority":90,"releaseByDamage":true,"removeAtBattleEnd":true,"removeByDamage":true,"removeByRestriction":false,"removeByWalking":false,"restriction":4,"stepsToRemove":100,"traits":[{"code":22,"dataId":1,"value":-1}]},{"id":11,"autoRemovalTiming":2,"chanceByDamage":50,"iconIndex":70,"maxTurns":3,"message1":"","message2":"","message3":"","message4":"","minTurns":3,"motion":0,"name":"Magic Regeneration","note":"","overlay":0,"priority":80,"releaseByDamage":false,"removeAtBattleEnd":true,"removeByDamage":false,"removeByRestriction":false,"removeByWalking":true,"restriction":0,"stepsToRemove":1,"traits":[{"code":22,"dataId":8,"value":0.2}]},{"id":12,"autoRemovalTiming":0,"chanceByDamage":100,"traits":[],"iconIndex":26,"maxTurns":99,"message1":"","message2":"","message3":"","message4":"","minTurns":99,"motion":0,"name":"Stunned","note":"","overlay":0,"priority":50,"removeAtBattleEnd":true,"removeByDamage":false,"removeByRestriction":false,"removeByWalking":false,"restriction":4,"stepsToRemove":100},{"id":13,"autoRemovalTiming":2,"chanceByDamage":100,"traits":[],"iconIndex":0,"maxTurns":1,"message1":"","message2":"","message3":"","message4":"","minTurns":1,"motion":0,"name":"Stunned (1 turn)","note":"","overlay":0,"priority":50,"removeAtBattleEnd":true,"removeByDamage":false,"removeByRestriction":false,"removeByWalking":false,"restriction":4,"stepsToRemove":100},{"id":14,"autoRemovalTiming":2,"chanceByDamage":100,"traits":[],"iconIndex":6,"maxTurns":1,"message1":"","message2":" has been distracted!","message3":"","message4":"","minTurns":1,"motion":0,"name":"Distract","note":"","overlay":0,"priority":50,"removeAtBattleEnd":false,"removeByDamage":false,"removeByRestriction":false,"removeByWalking":false,"restriction":4,"stepsToRemove":100},{"id":15,"autoRemovalTiming":0,"chanceByDamage":100,"traits":[{"code":64,"dataId":1,"value":1}],"iconIndex":0,"maxTurns":1,"message1":"","message2":"","message3":"","message4":"","minTurns":1,"motion":0,"name":"\u30a8\u30f3\u30ab\u30a6\u30f3\u30c8\u7121\u52b9","note":"","overlay":0,"priority":50,"removeAtBattleEnd":false,"removeByDamage":false,"removeByRestriction":false,"removeByWalking":false,"restriction":0,"stepsToRemove":100},{"id":16,"autoRemovalTiming":2,"chanceByDamage":100,"traits":[{"code":22,"dataId":9,"value":0.2}],"iconIndex":71,"maxTurns":5,"message1":"","message2":"","message3":"","message4":"","minTurns":5,"motion":0,"name":"Focus","note":"","overlay":0,"priority":50,"removeAtBattleEnd":true,"removeByDamage":false,"removeByRestriction":false,"removeByWalking":false,"restriction":0,"stepsToRemove":100},{"id":17,"autoRemovalTiming":2,"chanceByDamage":100,"description":"","iconIndex":221,"maxTurns":1,"message1":"","message2":"","message3":"","message4":"","minTurns":1,"motion":0,"name":"Amulet of Blessings","note":"","overlay":0,"priority":0,"removeAtBattleEnd":true,"removeByDamage":false,"removeByRestriction":false,"removeByWalking":false,"restriction":0,"stepsToRemove":100,"traits":[{"code":14,"dataId":1,"value":0}]},{"id":18,"autoRemovalTiming":1,"chanceByDamage":100,"traits":[],"iconIndex":17,"maxTurns":1,"message1":"","message2":"","message3":"","message4":"","minTurns":1,"motion":0,"name":"Mark of Death","note":"<SC\u81ea\u52d5\u89e3\u9664\u306e\u30bf\u30a4\u30df\u30f3\u30b0:1>","overlay":0,"priority":50,"removeAtBattleEnd":false,"removeByDamage":false,"removeByRestriction":false,"removeByWalking":false,"restriction":0,"stepsToRemove":100},{"id":19,"autoRemovalTiming":2,"chanceByDamage":100,"traits":[{"code":11,"dataId":1,"value":0},{"code":11,"dataId":2,"value":0},{"code":11,"dataId":3,"value":0},{"code":11,"dataId":4,"value":0},{"code":11,"dataId":5,"value":0},{"code":11,"dataId":6,"value":0}],"iconIndex":81,"maxTurns":1,"message1":"","message2":"","message3":"","message4":"","minTurns":1,"motion":0,"name":"Perfect Guard","note":"","overlay":0,"priority":50,"removeAtBattleEnd":true,"removeByDamage":false,"removeByRestriction":false,"removeByWalking":false,"restriction":0,"stepsToRemove":100},{"id":20,"autoRemovalTiming":0,"chanceByDamage":100,"traits":[],"iconIndex":0,"maxTurns":1,"message1":"","message2":"","message3":"","message4":"","minTurns":1,"motion":0,"name":"","note":"","overlay":0,"priority":50,"removeAtBattleEnd":false,"removeByDamage":false,"removeByRestriction":false,"removeByWalking":false,"restriction":0,"stepsToRemove":100}]