[null,{"id":1,"members":[{"enemyId":5,"x":408,"y":436,"hidden":false}],"name":"\u30af\u30bd\u30b6\u30c3\u30b3\u6226","pages":[{"conditions":{"actorHp":50,"actorId":1,"actorValid":false,"enemyHp":50,"enemyIndex":0,"enemyValid":false,"switchId":1,"switchValid":false,"turnA":0,"turnB":0,"turnEnding":false,"turnValid":true},"list":[{"code":333,"indent":0,"parameters":[-1,0,3]},{"code":313,"indent":0,"parameters":[0,1,0,12]},{"code":101,"indent":0,"parameters":["Monster2",0,0,2]},{"code":401,"indent":0,"parameters":["\\>\\c[4]Demon General Treshmub:\\c[0]"]},{"code":401,"indent":0,"parameters":["I shall bury you all"]},{"code":401,"indent":0,"parameters":["with my ultimate magic spell!"]},{"code":101,"indent":0,"parameters":["",3,0,2]},{"code":401,"indent":0,"parameters":["\\.Demon General Treshmub"]},{"code":401,"indent":0,"parameters":["is about to cast Forbidden Ancient Spell"]},{"code":401,"indent":0,"parameters":["\"Fyve Da'amage\" (9999 MP)"]},{"code":101,"indent":0,"parameters":["Actor1",7,0,2]},{"code":401,"indent":0,"parameters":["\\>\\c[4]Swordmaster Theresa Threeaicue:\\c[0]"]},{"code":401,"indent":0,"parameters":["A powerful spell is coming!"]},{"code":401,"indent":0,"parameters":["Everyone watch out!"]},{"code":250,"indent":0,"parameters":[{"name":"Down1","volume":90,"pitch":80,"pan":0}]},{"code":101,"indent":0,"parameters":["",0,0,2]},{"code":401,"indent":0,"parameters":["Hero Harold Sageblood is trembling"]},{"code":401,"indent":0,"parameters":["and cannot move!"]},{"code":0,"indent":0,"parameters":[]}],"span":0},{"conditions":{"actorHp":50,"actorId":1,"actorValid":false,"enemyHp":50,"enemyIndex":0,"enemyValid":false,"switchId":1,"switchValid":false,"turnA":1,"turnB":0,"turnEnding":false,"turnValid":true},"list":[{"code":101,"indent":0,"parameters":["Monster2",0,0,2]},{"code":401,"indent":0,"parameters":["\\>\\c[4]Demon General Treshmub:\\c[0]"]},{"code":401,"indent":0,"parameters":["This is the end! Die!!"]},{"code":0,"indent":0,"parameters":[]}],"span":0},{"conditions":{"actorHp":50,"actorId":1,"actorValid":false,"enemyHp":0,"enemyIndex":0,"enemyValid":true,"switchId":1,"switchValid":false,"turnA":0,"turnB":0,"turnEnding":false,"turnValid":false},"list":[{"code":122,"indent":0,"parameters":[1,1,0,0,5]},{"code":242,"indent":0,"parameters":[1]},{"code":230,"indent":0,"parameters":[120]},{"code":101,"indent":0,"parameters":["Monster2",0,0,2]},{"code":401,"indent":0,"parameters":["\\>\\c[4]Demon General Treshmub:\\c[0]\\<"]},{"code":401,"indent":0,"parameters":["Impossible...\\!"]},{"code":401,"indent":0,"parameters":["To think I would lose...."]},{"code":101,"indent":0,"parameters":["Monster2",0,0,2]},{"code":401,"indent":0,"parameters":["\\>\\c[4]Demon General Treshmub:\\c[0]\\<"]},{"code":401,"indent":0,"parameters":["I'm sorry...\\!"]},{"code":401,"indent":0,"parameters":["Lord Dahee Rosfather...."]},{"code":333,"indent":0,"parameters":[0,1,3]},{"code":230,"indent":0,"parameters":[480]},{"code":122,"indent":0,"parameters":[1,1,0,0,1]},{"code":0,"indent":0,"parameters":[]}],"span":0}]},{"id":2,"members":[],"name":"","pages":[{"conditions":{"actorHp":50,"actorId":1,"actorValid":false,"enemyHp":50,"enemyIndex":0,"enemyValid":false,"switchId":1,"switchValid":false,"turnA":0,"turnB":0,"turnEnding":false,"turnValid":false},"list":[{"code":0,"indent":0,"parameters":[]}],"span":0}]},{"id":3,"members":[{"enemyId":1,"x":405,"y":262,"hidden":false}],"name":"\u30b9\u30e9\u30a4\u30e0","pages":[{"conditions":{"actorHp":50,"actorId":1,"actorValid":false,"enemyHp":50,"enemyIndex":0,"enemyValid":false,"switchId":1,"switchValid":false,"turnA":0,"turnB":0,"turnEnding":false,"turnValid":false},"list":[{"code":0,"indent":0,"parameters":[]}],"span":0}]},{"id":4,"members":[{"enemyId":1,"x":286,"y":292,"hidden":false},{"enemyId":1,"x":546,"y":310,"hidden":false}],"name":"\u30b9\u30e9\u30a4\u30e0*2","pages":[{"conditions":{"actorHp":50,"actorId":1,"actorValid":false,"enemyHp":50,"enemyIndex":0,"enemyValid":false,"switchId":1,"switchValid":false,"turnA":0,"turnB":0,"turnEnding":false,"turnValid":false},"list":[{"code":0,"indent":0,"parameters":[]}],"span":0}]},{"id":5,"members":[{"enemyId":1,"x":229,"y":328,"hidden":false},{"enemyId":1,"x":429,"y":274,"hidden":false},{"enemyId":1,"x":588,"y":337,"hidden":false}],"name":"\u30b9\u30e9\u30a4\u30e0*3","pages":[{"conditions":{"actorHp":50,"actorId":1,"actorValid":false,"enemyHp":50,"enemyIndex":0,"enemyValid":false,"switchId":1,"switchValid":false,"turnA":0,"turnB":0,"turnEnding":false,"turnValid":false},"list":[{"code":0,"indent":0,"parameters":[]}],"span":0}]},{"id":6,"members":[{"enemyId":1,"x":145,"y":337,"hidden":false},{"enemyId":1,"x":324,"y":238,"hidden":false},{"enemyId":1,"x":498,"y":262,"hidden":false},{"enemyId":1,"x":675,"y":334,"hidden":false}],"name":"\u30b9\u30e9\u30a4\u30e0*4","pages":[{"conditions":{"actorHp":50,"actorId":1,"actorValid":false,"enemyHp":50,"enemyIndex":0,"enemyValid":false,"switchId":1,"switchValid":false,"turnA":0,"turnB":0,"turnEnding":false,"turnValid":false},"list":[{"code":0,"indent":0,"parameters":[]}],"span":0}]},{"id":7,"members":[{"enemyId":1,"x":94,"y":337,"hidden":false},{"enemyId":1,"x":261,"y":274,"hidden":false},{"enemyId":1,"x":417,"y":313,"hidden":false},{"enemyId":1,"x":555,"y":283,"hidden":false},{"enemyId":1,"x":726,"y":322,"hidden":false}],"name":"\u30b9\u30e9\u30a4\u30e0*5","pages":[{"conditions":{"actorHp":50,"actorId":1,"actorValid":false,"enemyHp":50,"enemyIndex":0,"enemyValid":false,"switchId":1,"switchValid":false,"turnA":0,"turnB":0,"turnEnding":false,"turnValid":false},"list":[{"code":0,"indent":0,"parameters":[]}],"span":0}]},{"id":8,"members":[],"name":"","pages":[{"conditions":{"actorHp":50,"actorId":1,"actorValid":false,"enemyHp":50,"enemyIndex":0,"enemyValid":false,"switchId":1,"switchValid":false,"turnA":0,"turnB":0,"turnEnding":false,"turnValid":false},"list":[{"code":0,"indent":0,"parameters":[]}],"span":0}]},{"id":9,"members":[{"enemyId":4,"x":417,"y":322,"hidden":false}],"name":"\u30e6\u30fb\u30a6\u30b8\u30f3\u30ca\u30b7","pages":[{"conditions":{"actorHp":50,"actorId":1,"actorValid":false,"enemyHp":50,"enemyIndex":0,"enemyValid":false,"switchId":1,"switchValid":false,"turnA":0,"turnB":0,"turnEnding":false,"turnValid":false},"list":[{"code":0,"indent":0,"parameters":[]}],"span":0}]},{"id":10,"members":[{"enemyId":6,"x":402,"y":298,"hidden":false}],"name":"\u30c4\u30e8\u30b9\u30ae\u30eb\u30f3\u6226","pages":[{"conditions":{"actorHp":50,"actorId":1,"actorValid":false,"enemyHp":50,"enemyIndex":0,"enemyValid":false,"switchId":1,"switchValid":false,"turnA":0,"turnB":0,"turnEnding":false,"turnValid":true},"list":[{"code":101,"indent":0,"parameters":["Monster",0,0,2]},{"code":401,"indent":0,"parameters":["\\>\\c[4]Dark Beast Ovapowa'ard:\\c[0]"]},{"code":401,"indent":0,"parameters":["Oh....oh nooo....."]},{"code":401,"indent":0,"parameters":["I hope my attack hits..."]},{"code":101,"indent":0,"parameters":["Monster",0,0,2]},{"code":401,"indent":0,"parameters":["\\>\\c[4]Dark Beast Ovapowa'ard:\\c[0]"]},{"code":401,"indent":0,"parameters":["Okay....I'm gonna do it...!"]},{"code":0,"indent":0,"parameters":[]}],"span":0},{"conditions":{"actorHp":50,"actorId":1,"actorValid":false,"enemyHp":50,"enemyIndex":0,"enemyValid":false,"switchId":1,"switchValid":false,"turnA":2,"turnB":0,"turnEnding":false,"turnValid":true},"list":[{"code":101,"indent":0,"parameters":["Monster",0,0,2]},{"code":401,"indent":0,"parameters":["\\>\\c[4]Dark Beast Ovapowa'ard:\\c[0]"]},{"code":401,"indent":0,"parameters":["Oh noooo....."]},{"code":401,"indent":0,"parameters":["I don't want to get hurt...."]},{"code":0,"indent":0,"parameters":[]}],"span":0}]},{"id":11,"members":[],"name":"","pages":[{"conditions":{"actorHp":50,"actorId":1,"actorValid":false,"enemyHp":50,"enemyIndex":0,"enemyValid":false,"switchId":1,"switchValid":false,"turnA":0,"turnB":0,"turnEnding":false,"turnValid":false},"list":[{"code":0,"indent":0,"parameters":[]}],"span":0}]},{"id":12,"members":[{"enemyId":7,"x":249,"y":319,"hidden":false},{"enemyId":8,"x":526,"y":356,"hidden":false}],"name":"\u30b8\u30f3\u30fb\u30ed\u30a6\uff06\u30aa\u30de\u30fb\u30a8\u30e2\u30ab","pages":[{"conditions":{"actorHp":50,"actorId":1,"actorValid":false,"enemyHp":50,"enemyIndex":0,"enemyValid":false,"switchId":1,"switchValid":false,"turnA":0,"turnB":0,"turnEnding":false,"turnValid":true},"list":[{"code":101,"indent":0,"parameters":["Monster2",1,0,2]},{"code":401,"indent":0,"parameters":["\\>\\c[4]Dark Beast Nottyu Tu:\\c[0]"]},{"code":401,"indent":0,"parameters":["Alright...come at me!"]},{"code":0,"indent":0,"parameters":[]}],"span":0}]},{"id":13,"members":[{"enemyId":8,"x":420,"y":337,"hidden":false}],"name":"\u30aa\u30de\u30fb\u30a8\u30e2\u30ab","pages":[{"conditions":{"actorHp":50,"actorId":1,"actorValid":false,"enemyHp":50,"enemyIndex":0,"enemyValid":false,"switchId":1,"switchValid":false,"turnA":0,"turnB":0,"turnEnding":false,"turnValid":true},"list":[{"code":101,"indent":0,"parameters":["Monster2",1,0,2]},{"code":401,"indent":0,"parameters":["\\>\\c[4]Dark Beast Nottyu Tu:\\c[0]"]},{"code":401,"indent":0,"parameters":["Alright...come at me!"]},{"code":0,"indent":0,"parameters":[]}],"span":0}]},{"id":14,"members":[],"name":"","pages":[{"conditions":{"actorHp":50,"actorId":1,"actorValid":false,"enemyHp":50,"enemyIndex":0,"enemyValid":false,"switchId":1,"switchValid":false,"turnA":0,"turnB":0,"turnEnding":false,"turnValid":false},"list":[{"code":0,"indent":0,"parameters":[]}],"span":0}]},{"id":15,"members":[{"enemyId":10,"x":249,"y":229,"hidden":false},{"enemyId":10,"x":535,"y":241,"hidden":false}],"name":"\u9b54\u738b\u306e\u601d\u5ff5\u4f53*2","pages":[{"conditions":{"actorHp":50,"actorId":1,"actorValid":false,"enemyHp":50,"enemyIndex":0,"enemyValid":false,"switchId":1,"switchValid":false,"turnA":0,"turnB":0,"turnEnding":false,"turnValid":false},"list":[{"code":0,"indent":0,"parameters":[]}],"span":0}]},{"id":16,"members":[{"enemyId":10,"x":174,"y":232,"hidden":false},{"enemyId":10,"x":643,"y":241,"hidden":false},{"enemyId":10,"x":414,"y":292,"hidden":false}],"name":"\u9b54\u738b\u306e\u601d\u5ff5\u4f53*3","pages":[{"conditions":{"actorHp":50,"actorId":1,"actorValid":false,"enemyHp":50,"enemyIndex":0,"enemyValid":false,"switchId":1,"switchValid":false,"turnA":0,"turnB":0,"turnEnding":false,"turnValid":false},"list":[{"code":0,"indent":0,"parameters":[]}],"span":0}]},{"id":17,"members":[{"enemyId":10,"x":131,"y":307,"hidden":false},{"enemyId":10,"x":309,"y":223,"hidden":false},{"enemyId":10,"x":499,"y":247,"hidden":false},{"enemyId":10,"x":671,"y":313,"hidden":false}],"name":"\u9b54\u738b\u306e\u601d\u5ff5\u4f53*4","pages":[{"conditions":{"actorHp":50,"actorId":1,"actorValid":false,"enemyHp":50,"enemyIndex":0,"enemyValid":false,"switchId":1,"switchValid":false,"turnA":0,"turnB":0,"turnEnding":false,"turnValid":false},"list":[{"code":0,"indent":0,"parameters":[]}],"span":0}]},{"id":18,"members":[],"name":"","pages":[{"conditions":{"actorHp":50,"actorId":1,"actorValid":false,"enemyHp":50,"enemyIndex":0,"enemyValid":false,"switchId":1,"switchValid":false,"turnA":0,"turnB":0,"turnEnding":false,"turnValid":false},"list":[{"code":0,"indent":0,"parameters":[]}],"span":0}]},{"id":19,"members":[{"enemyId":12,"x":408,"y":444,"hidden":false}],"name":"\u30c6\u30ec\u30fc\u30bc\u6226","pages":[{"conditions":{"actorHp":50,"actorId":1,"actorValid":false,"enemyHp":50,"enemyIndex":0,"enemyValid":false,"switchId":1,"switchValid":false,"turnA":0,"turnB":0,"turnEnding":false,"turnValid":true},"list":[{"code":101,"indent":0,"parameters":["Actor1",4,0,2]},{"code":401,"indent":0,"parameters":["\\>\\c[4]Aidon Haffrends:\\c[0]"]},{"code":401,"indent":0,"parameters":["Harold! Martha!"]},{"code":401,"indent":0,"parameters":["I'm gonna fight too!!"]},{"code":101,"indent":0,"parameters":["Actor1",4,0,2]},{"code":401,"indent":0,"parameters":["\\>\\c[4]Aidon Haffrends:\\c[0]"]},{"code":401,"indent":0,"parameters":["I'll support you where I can!!"]},{"code":101,"indent":0,"parameters":["Actor3",7,0,2]},{"code":401,"indent":0,"parameters":["\\>\\c[4] Mage Martha Betraeor:\\c[0]"]},{"code":401,"indent":0,"parameters":["Thanks!"]},{"code":101,"indent":0,"parameters":["Actor1",7,0,2]},{"code":401,"indent":0,"parameters":["\\>\\c[4]Dark Swordmaster Theresa Threeaicue:\\c[0]"]},{"code":401,"indent":0,"parameters":["Doesn't matter how many people"]},{"code":401,"indent":0,"parameters":["there are!"]},{"code":101,"indent":0,"parameters":["Actor1",7,0,2]},{"code":401,"indent":0,"parameters":["\\>\\c[4]Dark Swordmaster Theresa Threeaicue:\\c[0]"]},{"code":401,"indent":0,"parameters":["See the ultimate strategy"]},{"code":401,"indent":0,"parameters":["of the 1 million IQ genius!"]},{"code":101,"indent":0,"parameters":["",0,0,2]},{"code":401,"indent":0,"parameters":["Dark Swordmaster Theresa Threeaicue"]},{"code":401,"indent":0,"parameters":["is solving complex math problems"]},{"code":401,"indent":0,"parameters":["in her head."]},{"code":0,"indent":0,"parameters":[]}],"span":0},{"conditions":{"actorHp":50,"actorId":1,"actorValid":false,"enemyHp":50,"enemyIndex":0,"enemyValid":false,"switchId":1,"switchValid":false,"turnA":1,"turnB":0,"turnEnding":true,"turnValid":true},"list":[{"code":101,"indent":0,"parameters":["Actor1",7,0,2]},{"code":401,"indent":0,"parameters":["\\>\\c[4]Dark Swordmaster Theresa Threeaicue:\\c[0]"]},{"code":401,"indent":0,"parameters":["I see....analysis complete!"]},{"code":0,"indent":0,"parameters":[]}],"span":0},{"conditions":{"actorHp":50,"actorId":1,"actorValid":false,"enemyHp":50,"enemyIndex":0,"enemyValid":false,"switchId":1,"switchValid":false,"turnA":2,"turnB":0,"turnEnding":true,"turnValid":true},"list":[{"code":101,"indent":0,"parameters":["Actor1",7,0,2]},{"code":401,"indent":0,"parameters":["\\>\\c[4]Dark Swordmaster Theresa Threeaicue:\\c[0]"]},{"code":401,"indent":0,"parameters":["Stop thinking about it"]},{"code":401,"indent":0,"parameters":["and destroy everything with force!"]},{"code":401,"indent":0,"parameters":["This is the fighting style of 1 million IQ!"]},{"code":101,"indent":0,"parameters":["Actor3",7,0,2]},{"code":401,"indent":0,"parameters":["\\>\\c[4]Mage Martha Betraeor:\\c[0]"]},{"code":401,"indent":0,"parameters":["So....so strong...!"]},{"code":101,"indent":0,"parameters":["Actor3",7,0,2]},{"code":401,"indent":0,"parameters":["\\>\\c[4]Mage Martha Betraeor:\\c[0]"]},{"code":401,"indent":0,"parameters":["I guess anything is worth trying now..."]},{"code":101,"indent":0,"parameters":["Actor3",7,0,2]},{"code":401,"indent":0,"parameters":["\\>\\c[4]Mage Martha Betraeor:\\c[0]"]},{"code":401,"indent":0,"parameters":["Aidon Haffrends, lend me your ear."]},{"code":101,"indent":0,"parameters":["Actor1",4,0,2]},{"code":401,"indent":0,"parameters":["\\>\\c[4]Aidon Haffrends:\\c[0]"]},{"code":401,"indent":0,"parameters":["Huh...?"]},{"code":101,"indent":0,"parameters":["Actor1",4,0,2]},{"code":401,"indent":0,"parameters":["\\>\\c[4]Aidon Haffrends:\\c[0]"]},{"code":401,"indent":0,"parameters":["\u2026\u2026\u2026\u2026"]},{"code":101,"indent":0,"parameters":["Actor1",4,0,2]},{"code":401,"indent":0,"parameters":["\\>\\c[4]Aidon Haffrends:\\c[0]"]},{"code":401,"indent":0,"parameters":["Nah....there's no way that would..."]},{"code":101,"indent":0,"parameters":["Actor3",7,0,2]},{"code":401,"indent":0,"parameters":["\\>\\c[4]Mage Martha Betraeor:\\c[0]"]},{"code":401,"indent":0,"parameters":["Just try it okay!?"]},{"code":101,"indent":0,"parameters":["Actor1",4,0,2]},{"code":401,"indent":0,"parameters":["\\>\\c[4]Aidon Haffrends:\\c[0]"]},{"code":401,"indent":0,"parameters":["O...Okay!"]},{"code":250,"indent":0,"parameters":[{"name":"Skill2","volume":90,"pitch":100,"pan":0}]},{"code":101,"indent":0,"parameters":["",0,0,2]},{"code":401,"indent":0,"parameters":["Aidon Haffrends gained a new skill!"]},{"code":318,"indent":0,"parameters":[0,5,0,31]},{"code":0,"indent":0,"parameters":[]}],"span":0},{"conditions":{"actorHp":50,"actorId":1,"actorValid":false,"enemyHp":50,"enemyIndex":0,"enemyValid":false,"switchId":25,"switchValid":true,"turnA":0,"turnB":0,"turnEnding":false,"turnValid":false},"list":[{"code":101,"indent":0,"parameters":["Actor1",4,0,2]},{"code":401,"indent":0,"parameters":["\\>\\c[4]Aidon Haffrends:\\c[0]"]},{"code":401,"indent":0,"parameters":["Oh! A UFO!"]},{"code":101,"indent":0,"parameters":["Actor1",7,0,2]},{"code":401,"indent":0,"parameters":["\\>\\c[4]Dark Swordmaster Theresa Threeaicue:\\c[0]"]},{"code":401,"indent":0,"parameters":["What! Where!"]},{"code":101,"indent":0,"parameters":["",0,0,2]},{"code":401,"indent":0,"parameters":["Theresa is too busy trying to find the UFO"]},{"code":401,"indent":0,"parameters":["and forgot to attack!"]},{"code":0,"indent":0,"parameters":[]}],"span":0}]},{"id":20,"members":[{"enemyId":13,"x":408,"y":436,"hidden":false}],"name":"\u9b54\u738b\u30e6\u30a6\u30fb\u30b7\u30e3\u30ce\u30c1\u30fc\u30c1","pages":[{"conditions":{"actorHp":50,"actorId":1,"actorValid":false,"enemyHp":50,"enemyIndex":0,"enemyValid":false,"switchId":1,"switchValid":false,"turnA":0,"turnB":0,"turnEnding":false,"turnValid":true},"list":[{"code":101,"indent":0,"parameters":["Monster",7,0,2]},{"code":401,"indent":0,"parameters":["\\>\\c[4]Demon Lord Dahee Rosfather:\\c[0]"]},{"code":401,"indent":0,"parameters":["Come, won't you save the world"]},{"code":401,"indent":0,"parameters":["together with me?"]},{"code":122,"indent":0,"parameters":[1,1,0,0,1]},{"code":101,"indent":0,"parameters":["",0,0,2]},{"code":401,"indent":0,"parameters":["\\.\\.Demon Lord Dahee Rosfather is casting"]},{"code":401,"indent":0,"parameters":["Ultimate Spell "]},{"code":401,"indent":0,"parameters":["\"Barelydus Notkill\" (500 MP)."]},{"code":0,"indent":0,"parameters":[]}],"span":0},{"conditions":{"actorHp":50,"actorId":1,"actorValid":false,"enemyHp":50,"enemyIndex":0,"enemyValid":false,"switchId":1,"switchValid":false,"turnA":1,"turnB":0,"turnEnding":true,"turnValid":true},"list":[{"code":122,"indent":0,"parameters":[1,1,0,0,3]},{"code":101,"indent":0,"parameters":["Monster",7,0,2]},{"code":401,"indent":0,"parameters":["\\>\\c[4]Demon Lord Dahee Rosfather:\\c[0]"]},{"code":401,"indent":0,"parameters":["It's not too late."]},{"code":101,"indent":0,"parameters":["Monster",7,0,2]},{"code":401,"indent":0,"parameters":["\\>\\c[4]Demon Lord Dahee Rosfather:\\c[0]"]},{"code":401,"indent":0,"parameters":["Let's create a new world order together."]},{"code":122,"indent":0,"parameters":[1,1,0,0,1]},{"code":0,"indent":0,"parameters":[]}],"span":0},{"conditions":{"actorHp":50,"actorId":1,"actorValid":false,"enemyHp":50,"enemyIndex":0,"enemyValid":false,"switchId":1,"switchValid":false,"turnA":5,"turnB":0,"turnEnding":true,"turnValid":true},"list":[{"code":122,"indent":0,"parameters":[1,1,0,0,3]},{"code":101,"indent":0,"parameters":["Monster",7,0,2]},{"code":401,"indent":0,"parameters":["\\>\\c[4]Demon Lord Dahee Rosfather:\\c[0]"]},{"code":401,"indent":0,"parameters":["This is the end."]},{"code":122,"indent":0,"parameters":[1,1,0,0,1]},{"code":101,"indent":0,"parameters":["",0,0,2]},{"code":401,"indent":0,"parameters":["\\.\\.Demon Lord Dahee Rosfather is casting"]},{"code":401,"indent":0,"parameters":["Ultimate Spell "]},{"code":401,"indent":0,"parameters":["\"Barelydus Notkill\" (500 MP)."]},{"code":0,"indent":0,"parameters":[]}],"span":0},{"conditions":{"actorHp":50,"actorId":1,"actorValid":false,"enemyHp":50,"enemyIndex":0,"enemyValid":false,"switchId":1,"switchValid":false,"turnA":6,"turnB":0,"turnEnding":true,"turnValid":true},"list":[{"code":122,"indent":0,"parameters":[1,1,0,0,3]},{"code":101,"indent":0,"parameters":["Monster",7,0,2]},{"code":401,"indent":0,"parameters":["\\>\\c[4]Demon Lord Dahee Rosfather:\\c[0]"]},{"code":401,"indent":0,"parameters":["Ha ha hah..."]},{"code":101,"indent":0,"parameters":["Monster",7,0,2]},{"code":401,"indent":0,"parameters":["\\>\\c[4]Demon Lord Dahee Rosfather:\\c[0]"]},{"code":401,"indent":0,"parameters":["How about you consider surrendering?"]},{"code":101,"indent":0,"parameters":["Monster",7,0,2]},{"code":401,"indent":0,"parameters":["\\>\\c[4]Demon Lord Dahee Rosfather:\\c[0]"]},{"code":401,"indent":0,"parameters":["It's impossible for you to win!"]},{"code":122,"indent":0,"parameters":[1,1,0,0,1]},{"code":0,"indent":0,"parameters":[]}],"span":0}]},{"id":21,"members":[],"name":"","pages":[{"conditions":{"actorHp":50,"actorId":1,"actorValid":false,"enemyHp":50,"enemyIndex":0,"enemyValid":false,"switchId":1,"switchValid":false,"turnA":0,"turnB":0,"turnEnding":false,"turnValid":false},"list":[{"code":0,"indent":0,"parameters":[]}],"span":0}]},{"id":22,"members":[{"enemyId":15,"x":408,"y":436,"hidden":false}],"name":"\u30af\u30ed\u30de\u30fc\u30af\u6226\uff11","pages":[{"conditions":{"actorHp":50,"actorId":1,"actorValid":false,"enemyHp":50,"enemyIndex":0,"enemyValid":false,"switchId":1,"switchValid":false,"turnA":0,"turnB":0,"turnEnding":false,"turnValid":true},"list":[{"code":250,"indent":0,"parameters":[{"name":"Monster5","volume":90,"pitch":80,"pan":0}]},{"code":223,"indent":0,"parameters":[[0,0,0,0],120,true]},{"code":230,"indent":0,"parameters":[30]},{"code":241,"indent":0,"parameters":[{"name":"00_Battle_sabaku","volume":90,"pitch":100,"pan":0}]},{"code":230,"indent":0,"parameters":[90]},{"code":122,"indent":0,"parameters":[1,1,0,0,3]},{"code":101,"indent":0,"parameters":["People3",0,0,2]},{"code":401,"indent":0,"parameters":["\\>\\c[4]King Thecalprint:\\c[0]"]},{"code":401,"indent":0,"parameters":["Thank you for your hard work,"]},{"code":401,"indent":0,"parameters":["Hero Harold Sageblood"]},{"code":401,"indent":0,"parameters":["and your companions."]},{"code":101,"indent":0,"parameters":["People3",0,0,2]},{"code":401,"indent":0,"parameters":["\\>\\c[4]King Thecalprint:\\c[0]"]},{"code":401,"indent":0,"parameters":["Now rest in the afterlife."]},{"code":122,"indent":0,"parameters":[1,1,0,0,1]},{"code":337,"indent":0,"parameters":[0,120,false]},{"code":230,"indent":0,"parameters":[30]},{"code":101,"indent":0,"parameters":["",0,0,2]},{"code":401,"indent":0,"parameters":["\\.King Thecalprint's necklace glows.\\!"]},{"code":401,"indent":0,"parameters":["King Thecalprint will regenerate HP"]},{"code":401,"indent":0,"parameters":["every turn."]},{"code":101,"indent":0,"parameters":["",0,0,2]},{"code":401,"indent":0,"parameters":["\\.\\.King Thecalprint is casting"]},{"code":401,"indent":0,"parameters":["Ultimate Spell \"Gitfawkd\" (500 MP)"]},{"code":0,"indent":0,"parameters":[]}],"span":0},{"conditions":{"actorHp":50,"actorId":1,"actorValid":false,"enemyHp":50,"enemyIndex":0,"enemyValid":false,"switchId":1,"switchValid":false,"turnA":1,"turnB":0,"turnEnding":true,"turnValid":true},"list":[{"code":340,"indent":0,"parameters":[]},{"code":0,"indent":0,"parameters":[]}],"span":0}]},{"id":23,"members":[{"enemyId":16,"x":408,"y":436,"hidden":false}],"name":"\u30af\u30ed\u30de\u30fc\u30af\u6226\uff12","pages":[{"conditions":{"actorHp":50,"actorId":1,"actorValid":false,"enemyHp":50,"enemyIndex":0,"enemyValid":false,"switchId":1,"switchValid":false,"turnA":0,"turnB":0,"turnEnding":false,"turnValid":true},"list":[{"code":250,"indent":0,"parameters":[{"name":"Monster5","volume":90,"pitch":80,"pan":0}]},{"code":223,"indent":0,"parameters":[[0,0,0,0],120,true]},{"code":230,"indent":0,"parameters":[30]},{"code":241,"indent":0,"parameters":[{"name":"00_Battle_sabaku","volume":90,"pitch":100,"pan":0}]},{"code":230,"indent":0,"parameters":[90]},{"code":122,"indent":0,"parameters":[1,1,0,0,3]},{"code":101,"indent":0,"parameters":["People3",0,0,2]},{"code":401,"indent":0,"parameters":["\\>\\c[4]King Thecalprint:\\c[0]"]},{"code":401,"indent":0,"parameters":["Hero Harold Sageblood......"]},{"code":101,"indent":0,"parameters":["People3",0,0,2]},{"code":401,"indent":0,"parameters":["\\>\\c[4]King Thecalprint:\\c[0]"]},{"code":401,"indent":0,"parameters":["Let this battle decide"]},{"code":401,"indent":0,"parameters":["which of our love is greater."]},{"code":337,"indent":0,"parameters":[0,120,false]},{"code":230,"indent":0,"parameters":[30]},{"code":122,"indent":0,"parameters":[1,1,0,0,1]},{"code":101,"indent":0,"parameters":["",0,0,2]},{"code":401,"indent":0,"parameters":["\\.King Thecalprint's necklace glows.\\!"]},{"code":401,"indent":0,"parameters":["King Thecalprint will regenerate HP"]},{"code":401,"indent":0,"parameters":["every turn."]},{"code":101,"indent":0,"parameters":["",0,0,2]},{"code":401,"indent":0,"parameters":["\\.\\.King Thecalprint is casting"]},{"code":401,"indent":0,"parameters":["Ultimate Spell \"Gitfawkd\" (500 MP)"]},{"code":0,"indent":0,"parameters":[]}],"span":0},{"conditions":{"actorHp":50,"actorId":1,"actorValid":false,"enemyHp":50,"enemyIndex":0,"enemyValid":false,"switchId":1,"switchValid":false,"turnA":1,"turnB":0,"turnEnding":true,"turnValid":true},"list":[{"code":122,"indent":0,"parameters":[1,1,0,0,3]},{"code":101,"indent":0,"parameters":["People3",0,0,2]},{"code":401,"indent":0,"parameters":["\\>\\c[4]King Thecalprint:\\c[0]"]},{"code":401,"indent":0,"parameters":["Hahahah...."]},{"code":101,"indent":0,"parameters":["People3",0,0,2]},{"code":401,"indent":0,"parameters":["\\>\\c[4]King Thecalprint:\\c[0]"]},{"code":401,"indent":0,"parameters":["Not bad at all!"]},{"code":401,"indent":0,"parameters":["Heir of the Sage's Blood!"]},{"code":122,"indent":0,"parameters":[1,1,0,0,1]},{"code":101,"indent":0,"parameters":["",0,0,2]},{"code":401,"indent":0,"parameters":["\\.\\.King Thecalprint will cast"]},{"code":401,"indent":0,"parameters":["\"Ultimate Spell \"Gitfawkd\"'"]},{"code":401,"indent":0,"parameters":["(500 MP) once he reaches 500 MP."]},{"code":0,"indent":0,"parameters":[]}],"span":0}]},{"id":24,"members":[],"name":"","pages":[{"conditions":{"actorHp":50,"actorId":1,"actorValid":false,"enemyHp":50,"enemyIndex":0,"enemyValid":false,"switchId":1,"switchValid":false,"turnA":0,"turnB":0,"turnEnding":false,"turnValid":false},"list":[{"code":0,"indent":0,"parameters":[]}],"span":0}]},{"id":25,"members":[{"enemyId":18,"x":408,"y":437,"hidden":false}],"name":"\u738b\u5983\u30d5\u30ea\u30fc\u30f3","pages":[{"conditions":{"actorHp":50,"actorId":1,"actorValid":false,"enemyHp":50,"enemyIndex":0,"enemyValid":false,"switchId":1,"switchValid":false,"turnA":0,"turnB":0,"turnEnding":false,"turnValid":true},"list":[{"code":223,"indent":0,"parameters":[[-255,-255,-255,0],1,false]},{"code":313,"indent":0,"parameters":[0,0,0,13]},{"code":333,"indent":0,"parameters":[0,0,3]},{"code":250,"indent":0,"parameters":[{"name":"Monster4","volume":90,"pitch":50,"pan":0}]},{"code":230,"indent":0,"parameters":[60]},{"code":223,"indent":0,"parameters":[[0,0,0,0],120,true]},{"code":230,"indent":0,"parameters":[120]},{"code":122,"indent":0,"parameters":[1,1,0,0,3]},{"code":101,"indent":0,"parameters":["",0,1,2]},{"code":401,"indent":0,"parameters":["Death to the foolish..."]},{"code":122,"indent":0,"parameters":[1,1,0,0,1]},{"code":0,"indent":0,"parameters":[]}],"span":0},{"conditions":{"actorHp":50,"actorId":1,"actorValid":false,"enemyHp":50,"enemyIndex":0,"enemyValid":false,"switchId":1,"switchValid":false,"turnA":1,"turnB":0,"turnEnding":true,"turnValid":true},"list":[{"code":101,"indent":0,"parameters":["",0,0,2]},{"code":401,"indent":0,"parameters":["Characters Marked for Death will die"]},{"code":401,"indent":0,"parameters":["after their next action."]},{"code":101,"indent":0,"parameters":["",0,0,2]},{"code":401,"indent":0,"parameters":["Marked for Death cannot be cured."]},{"code":0,"indent":0,"parameters":[]}],"span":0},{"conditions":{"actorHp":50,"actorId":1,"actorValid":false,"enemyHp":50,"enemyIndex":0,"enemyValid":false,"switchId":30,"switchValid":true,"turnA":0,"turnB":0,"turnEnding":false,"turnValid":false},"list":[{"code":101,"indent":0,"parameters":["",0,0,2]},{"code":401,"indent":0,"parameters":["Next turn, Cheetin is casting the spell"]},{"code":401,"indent":0,"parameters":["that instantly kills two people"]},{"code":401,"indent":0,"parameters":["Ultimate Spell \"Killtwo\" (1000 MP)!"]},{"code":0,"indent":0,"parameters":[]}],"span":0},{"conditions":{"actorHp":50,"actorId":1,"actorValid":false,"enemyHp":0,"enemyIndex":0,"enemyValid":true,"switchId":1,"switchValid":false,"turnA":0,"turnB":0,"turnEnding":false,"turnValid":false},"list":[{"code":242,"indent":0,"parameters":[1]},{"code":230,"indent":0,"parameters":[120]},{"code":122,"indent":0,"parameters":[1,1,0,0,4]},{"code":101,"indent":0,"parameters":["",0,1,1]},{"code":401,"indent":0,"parameters":["A new world order...."]},{"code":230,"indent":0,"parameters":[60]},{"code":122,"indent":0,"parameters":[1,1,0,0,8]},{"code":101,"indent":0,"parameters":["",0,1,1]},{"code":401,"indent":0,"parameters":["A new....order...."]},{"code":230,"indent":0,"parameters":[60]},{"code":122,"indent":0,"parameters":[1,1,0,0,12]},{"code":101,"indent":0,"parameters":["",0,1,1]},{"code":401,"indent":0,"parameters":["More.....love....."]},{"code":230,"indent":0,"parameters":[60]},{"code":250,"indent":0,"parameters":[{"name":"Earth2","volume":90,"pitch":150,"pan":0}]},{"code":224,"indent":0,"parameters":[[255,255,255,170],60,true]},{"code":230,"indent":0,"parameters":[60]},{"code":250,"indent":0,"parameters":[{"name":"Earth2","volume":90,"pitch":150,"pan":0}]},{"code":224,"indent":0,"parameters":[[255,255,255,170],30,true]},{"code":230,"indent":0,"parameters":[30]},{"code":250,"indent":0,"parameters":[{"name":"Earth2","volume":90,"pitch":150,"pan":0}]},{"code":224,"indent":0,"parameters":[[255,255,255,170],60,true]},{"code":230,"indent":0,"parameters":[60]},{"code":250,"indent":0,"parameters":[{"name":"Laser2","volume":90,"pitch":100,"pan":0}]},{"code":250,"indent":0,"parameters":[{"name":"Laser2","volume":90,"pitch":50,"pan":0}]},{"code":223,"indent":0,"parameters":[[255,255,255,0],180,true]},{"code":230,"indent":0,"parameters":[60]},{"code":122,"indent":0,"parameters":[1,1,0,0,1]},{"code":316,"indent":0,"parameters":[0,0,0,0,4,false]},{"code":125,"indent":0,"parameters":[0,0,100000]},{"code":121,"indent":0,"parameters":[31,31,0]},{"code":340,"indent":0,"parameters":[]},{"code":0,"indent":0,"parameters":[]}],"span":0}]},{"id":26,"members":[],"name":"","pages":[{"conditions":{"actorHp":50,"actorId":1,"actorValid":false,"enemyHp":50,"enemyIndex":0,"enemyValid":false,"switchId":1,"switchValid":false,"turnA":0,"turnB":0,"turnEnding":false,"turnValid":false},"list":[{"code":0,"indent":0,"parameters":[]}],"span":0}]},{"id":27,"members":[{"enemyId":19,"x":408,"y":268,"hidden":false}],"name":"\u30b9\u30e9\u30a4\u30e0","pages":[{"conditions":{"actorHp":50,"actorId":1,"actorValid":false,"enemyHp":50,"enemyIndex":0,"enemyValid":false,"switchId":1,"switchValid":false,"turnA":0,"turnB":0,"turnEnding":false,"turnValid":false},"list":[{"code":0,"indent":0,"parameters":[]}],"span":0}]},{"id":28,"members":[{"enemyId":24,"x":42,"y":444,"hidden":false},{"enemyId":25,"x":191,"y":244,"hidden":false},{"enemyId":26,"x":694,"y":367,"hidden":false},{"enemyId":27,"x":627,"y":292,"hidden":false},{"enemyId":28,"x":384,"y":444,"hidden":false}],"name":"\u30d5\u30a9\u30cb\u30a4\u56db\u5929\u738b","pages":[{"conditions":{"actorHp":50,"actorId":1,"actorValid":false,"enemyHp":50,"enemyIndex":0,"enemyValid":false,"switchId":1,"switchValid":false,"turnA":0,"turnB":0,"turnEnding":false,"turnValid":true},"list":[{"code":101,"indent":0,"parameters":["",0,0,2]},{"code":401,"indent":0,"parameters":["An abnormal air fills the room...."]},{"code":0,"indent":0,"parameters":[]}],"span":0}]},{"id":29,"members":[{"enemyId":21,"x":379,"y":428,"hidden":false},{"enemyId":22,"x":597,"y":444,"hidden":false}],"name":"\u30a4\u30d9\u30f3\u30c8\u30d0\u30c8\u30eb","pages":[{"conditions":{"actorHp":50,"actorId":1,"actorValid":false,"enemyHp":50,"enemyIndex":0,"enemyValid":false,"switchId":1,"switchValid":false,"turnA":0,"turnB":0,"turnEnding":false,"turnValid":true},"list":[{"code":121,"indent":0,"parameters":[30,30,1]},{"code":223,"indent":0,"parameters":[[-255,-255,-255,0],1,false]},{"code":250,"indent":0,"parameters":[{"name":"Monster4","volume":90,"pitch":50,"pan":0}]},{"code":230,"indent":0,"parameters":[60]},{"code":223,"indent":0,"parameters":[[0,0,0,0],120,true]},{"code":101,"indent":0,"parameters":["",0,0,2]},{"code":401,"indent":0,"parameters":["\\.Dark air fills the room...."]},{"code":0,"indent":0,"parameters":[]}],"span":0}]},{"id":30,"members":[{"enemyId":21,"x":379,"y":428,"hidden":false},{"enemyId":22,"x":597,"y":444,"hidden":false}],"name":"\u30bf\u30a4\u30e0\u30a2\u30bf\u30c3\u30af","pages":[{"conditions":{"actorHp":50,"actorId":1,"actorValid":false,"enemyHp":50,"enemyIndex":0,"enemyValid":false,"switchId":1,"switchValid":false,"turnA":0,"turnB":0,"turnEnding":false,"turnValid":true},"list":[{"code":121,"indent":0,"parameters":[30,30,1]},{"code":223,"indent":0,"parameters":[[-255,-255,-255,0],1,false]},{"code":250,"indent":0,"parameters":[{"name":"Monster4","volume":90,"pitch":50,"pan":0}]},{"code":230,"indent":0,"parameters":[60]},{"code":223,"indent":0,"parameters":[[0,0,0,0],120,true]},{"code":101,"indent":0,"parameters":["",0,0,2]},{"code":401,"indent":0,"parameters":["\\.Dark air fills the room...."]},{"code":124,"indent":0,"parameters":[0,1200]},{"code":0,"indent":0,"parameters":[]}],"span":0}]}]