[null,{"id":1,"animationId":8,"description":"A sword fit for a hero.","etypeId":1,"traits":[{"code":31,"dataId":2,"value":0}],"iconIndex":96,"name":"Hero's Sword","note":"","params":[0,0,70,0,40,0,0,0],"price":20000,"wtypeId":2},{"id":2,"animationId":9,"description":"Filled with magical energy.","etypeId":1,"traits":[{"code":31,"dataId":3,"value":0}],"iconIndex":101,"name":"Mage's Staff","note":"","params":[0,0,30,0,80,0,0,0],"price":20000,"wtypeId":6},{"id":3,"animationId":10,"description":"A sharpened and polished sword made by a master of his craft.","etypeId":1,"traits":[{"code":31,"dataId":4,"value":0}],"iconIndex":97,"name":"Swordmaster's Sword","note":"","params":[0,0,80,0,30,0,0,0],"price":20000,"wtypeId":2},{"id":4,"animationId":12,"description":"Definitely a bow.","etypeId":1,"traits":[{"code":31,"dataId":1,"value":0}],"iconIndex":102,"name":"Sturdy Bow","note":"","params":[0,0,60,0,40,0,0,0],"price":5000,"wtypeId":7},{"id":5,"animationId":8,"description":"A legendary sword said to contain immense power.","etypeId":1,"traits":[{"code":31,"dataId":2,"value":0}],"iconIndex":96,"name":"Legendary Sword","note":"","params":[0,0,130,0,90,0,0,0],"price":100000,"wtypeId":2},{"id":6,"animationId":9,"description":"A staff brimming with powerful magical energy.","etypeId":1,"traits":[{"code":31,"dataId":3,"value":0}],"iconIndex":101,"name":"Great Sage's Staff","note":"","params":[0,0,100,0,140,0,0,0],"price":100000,"wtypeId":6},{"id":7,"animationId":10,"description":"A sword brimming with powerful magical energy.","etypeId":1,"traits":[{"code":31,"dataId":4,"value":0}],"iconIndex":97,"name":"Spellsword's Sword","note":"","params":[0,0,150,0,80,0,0,0],"price":100000,"wtypeId":2},{"id":8,"animationId":0,"description":"","etypeId":1,"traits":[{"code":31,"dataId":1,"value":0},{"code":22,"dataId":0,"value":0}],"iconIndex":0,"name":"","note":"","params":[0,0,0,0,0,0,0,0],"price":0,"wtypeId":0},{"id":9,"animationId":0,"description":"","etypeId":1,"traits":[{"code":31,"dataId":1,"value":0},{"code":22,"dataId":0,"value":0}],"iconIndex":0,"name":"","note":"","params":[0,0,0,0,0,0,0,0],"price":0,"wtypeId":0},{"id":10,"animationId":0,"description":"","etypeId":1,"traits":[{"code":31,"dataId":1,"value":0},{"code":22,"dataId":0,"value":0}],"iconIndex":0,"name":"","note":"","params":[0,0,0,0,0,0,0,0],"price":0,"wtypeId":0}]